date,cust_email,cust_location,product_id,product_quantity
2020-01-01,skeaft@gmail.com,98762,QMPUQK3FSNH2,1
2020-01-01,muect@msn.com,35309,NKVF5FXE9QIU,5
2020-01-01,stat@aol.com,58667,5R93PT8VF4NX,3
2020-01-01,trank@hotmail.com,58390,J8ZHO8KPD9IF,2
2020-01-01,smea@hotmail.com,78476,BJ5Q8MCKM3UT,1
2020-01-01,chea@yahoo.com,43669,GTUQ73A0W28M,1
2020-01-02,duek@hotmail.com,88304,CFNE1TTHEWQE,1
2020-01-02,duek@hotmail.com,88304,AJT5L970C3TB,4
2020-01-02,glaa@outlook.com,93491,5TNQOT82GLT0,2
2020-01-02,wauf@hotmail.com,46720,JJE4LNJGUR6T,1
2020-01-02,wauf@hotmail.com,46720,1EN0S3II2U6X,1
2020-01-02,bal@gmail.com,97263,9JXQKFGHOLOD,2
2020-01-02,bal@gmail.com,97263,7I5GN8AP971L,1
2020-01-02,jia@icloud.com,43806,9ZDBH09Z2MMK,4
2020-01-02,jia@icloud.com,43806,R01Y41BJXTV0,3
2020-01-02,jia@icloud.com,43806,BK551LBBL8IY,1
2020-01-03,sloer@gmail.com,37672,0HGDH03T5H3S,3
2020-01-03,sloer@gmail.com,37672,9F4XL1QI72S3,2
2020-01-03,stryst@outlook.com,54493,G3EUFD985RPY,2
2020-01-03,stryst@outlook.com,54493,TR93FVXOSYEO,1
2020-01-03,tul@inbox.com,76905,XWFILB6VS9G0,1
2020-01-03,fley@hotmail.com,90646,0D189L6EXQB3,1
2020-01-03,wik@icloud.com,00724,PDOQVAHQAPY7,1
2020-01-03,gak@gmail.com,15101,TT0D1LLWVB11,1
2020-01-04,ze@yahoo.com,73362,Q0WXF015X69Q,1
2020-01-04,ze@yahoo.com,73362,S8KYU2FMM8CM,1
2020-01-04,jyng@yahoo.com,75365,4O9F2IK1HJ76,1
2020-01-04,weey@gmail.com,54528,68M9WKDRHX7G,1
2020-01-04,weey@gmail.com,54528,P8ZQUOLFOZKX,2
2020-01-04,truov@gmail.com,89650,HPRPTIVUDQQP,2
2020-01-04,slou@hotmail.com,42079,5PL82F81A4C2,1
2020-01-04,slou@hotmail.com,42079,5CIJG1HV9NVV,1
2020-01-05,ti@aol.com,00724,GAJ95EW7V2KQ,2
2020-01-05,do@aol.com,63420,JDE2ZSPH56UC,3
2020-01-05,slonk@gmail.com,82963,PAJB0QMRNM8P,1
2020-01-05,slonk@gmail.com,82963,SABCNG4W2SA0,2
2020-01-05,slonk@gmail.com,82963,R9O8DR1IMQ9X,1
2020-01-05,spaupt@icloud.com,65022,6460O73ULFYC,1
2020-01-05,spaupt@icloud.com,65022,IDDR7QZ5E2OZ,1
2020-01-05,gra@outlook.com,03654,QT7EH47I45X2,2
2020-01-06,fleu@aol.com,41616,1Z3F0ZW0GQ9U,2
2020-01-06,fleu@aol.com,41616,IZ9O1E3E3NWJ,1
2020-01-06,fraut@icloud.com,88894,4KGBESIMF8XA,1
2020-01-06,piuz@outlook.com,66390,MFIV9K6AYIDV,1
2020-01-06,hood@icloud.com,87517,YVMBD7YWMMKC,1
2020-01-06,ky@hotmail.com,12082,BKXABY57SJJZ,1
2020-01-07,froa@gmail.com,38848,OVBRWZX71L32,2
2020-01-07,lein@hotmail.com,66390,8HXHOI7N74PL,1
2020-01-07,lein@hotmail.com,66390,AUOXW39N9WB8,3
2020-01-07,chub@yahoo.com,89650,JAOMIRX471HM,1
2020-01-07,chub@yahoo.com,89650,BEL56GPWW8LU,3
2020-01-07,song@mail.com,87572,D39AM7R4CJYE,2
2020-01-07,strae@yahoo.com,74804,XQKVHBSTJDIB,1
2020-01-07,strae@yahoo.com,74804,66HZZJRX8RZ9,2
2020-01-07,strae@yahoo.com,74804,UG1I24D6D8BA,3
2020-01-07,speiz@outlook.com,11882,OVIHOKCUO19V,1
2020-01-07,speiz@outlook.com,11882,6RYYRF40L90C,1
2020-01-07,po@aol.com,61291,88FNPUTFDH27,2
2020-01-07,si@icloud.com,30745,JOCKP55VKZE6,3
2020-01-07,kei@yahoo.com,38570,VCIL3W7Z8RHH,1
2020-01-07,kei@yahoo.com,38570,B5GQJRWHT9FH,1
2020-01-08,spoe@gmail.com,46173,UPZAR8DTVI2N,1
2020-01-08,spoe@gmail.com,46173,M9YXS8JNOG7M,1
2020-01-08,crae@msn.com,90779,SWWIDCGA86D4,1
2020-01-08,crae@msn.com,90779,R7GN3G16T0EN,1
2020-01-08,nee@yahoo.com,61047,6LWPGDUJ20WF,2
2020-01-08,steak@yahoo.com,99310,DOBJMXEHX12L,2
2020-01-09,sweusp@gmail.com,13938,EMX0I112J9CT,2
2020-01-09,sweusp@gmail.com,13938,6CZHM0NCNE1L,2
2020-01-09,cry@yahoo.com,22650,MCNJPY9S0IAS,7
2020-01-09,cry@yahoo.com,22650,CB0UN943YZS2,1
2020-01-09,spaing@outlook.com,83059,47WPWXAJSZO6,1
2020-01-09,zi@outlook.com,31518,IMAROMPN52K3,1
2020-01-09,flei@mail.com,07423,ISDA0CW72Y2Q,2
2020-01-09,proa@mail.com,38120,6UZ04U6YYJLQ,1
2020-01-09,si@inbox.com,50426,MCNJPY9S0IAS,1
2020-01-09,loif@gmail.com,82398,I14J2XRLNH9E,1
2020-01-09,loif@gmail.com,82398,9WDPTFVF34W7,1
2020-01-10,droi@aol.com,78567,TE1C9RSQHFCI,1
2020-01-11,gry@hotmail.com,37583,STDX4QMWKO8B,1
2020-01-11,gry@hotmail.com,37583,QS2KWZ15ZCHZ,1
2020-01-11,gry@hotmail.com,37583,I14J2XRLNH9E,3
2020-01-11,froov@icloud.com,70306,V8FHQEZF7U5W,1
2020-01-11,hoi@gmail.com,87281,EAPTN0TCUPGX,2
2020-01-11,puesh@yahoo.com,56886,ZKRIE0PE195M,1
2020-01-11,vool@inbox.com,90864,14YBF9ZX7QSG,2
2020-01-12,cho@yahoo.com,46137,ZLLB8NH22QAQ,1
2020-01-12,vu@yahoo.com,23147,2840MP5A5H4O,1
2020-01-12,neeb@hotmail.com,38917,JT4JX7EALL1T,1
2020-01-12,neeb@hotmail.com,38917,JJFTHOWKQE5T,1
2020-01-12,staesp@mail.com,74087,FHMKQTNX11OM,2
2020-01-12,swau@aol.com,88894,GXYAQM9REG2G,1
2020-01-12,vuet@aol.com,87662,W8VEXFH00RMW,1
2020-01-13,trou@hotmail.com,50426,QIBMXR29IFH1,1
2020-01-13,trou@hotmail.com,50426,SUA8IJ5DFCO5,1
2020-01-13,kad@aol.com,12411,3NZ6BULM2PKF,1
2020-01-14,fy@gmail.com,56160,6D2TBUPTFNFJ,2
2020-01-14,ki@gmail.com,61291,R8O4HMCJI9A1,1
2020-01-14,ploe@outlook.com,59025,3IELD13LECID,2
2020-01-14,proeng@gmail.com,67997,O8J9ND7IJAPC,1
2020-01-14,guid@aol.com,63790,AX5ATE1YSN4K,2
2020-01-14,sloe@yahoo.com,19106,OUO15DQI571Z,2
2020-01-14,sloe@yahoo.com,19106,7UYZG1SW3A4S,1
2020-01-15,grio@hotmail.com,87308,M42YZOMSUHRM,1
2020-01-15,sty@inbox.com,44432,VEZ7Q6NPM1UA,1
2020-01-15,drio@live.com,71561,KP9RKQZ4W610,1
2020-01-15,drio@live.com,71561,K9FQMLWEUNH4,2
2020-01-15,frousk@hotmail.com,69064,MZ0FDTMC9EE3,1
2020-01-15,bre@mail.com,07243,R2W0HXGQXFDO,1
2020-01-15,ziu@inbox.com,88442,S8O5O8U1Y449,1
2020-01-15,boi@icloud.com,36370,A4K785EPY2QW,1
2020-01-16,smiob@hotmail.com,89168,B6KXUH30Y0EZ,1
2020-01-16,niev@gmail.com,00237,CNC3D8GD18C6,3
2020-01-17,shynd@aol.com,41616,4NX868DQMEDR,2
2020-01-17,shynd@aol.com,41616,PFDVDKQ8RP2W,2
2020-01-17,spi@live.com,14632,3QPB98LJ3FWC,1
2020-01-17,teo@msn.com,79483,0UR1EIA9I73O,1
2020-01-17,maz@gmail.com,84205,3LUNPGZQRMU9,2
2020-01-17,maz@gmail.com,84205,K9ODZNCE1I4Y,1
2020-01-17,shing@msn.com,89650,74WE33UJZWM1,1
2020-01-17,shing@msn.com,89650,EZO6TWE5TBNU,2
2020-01-18,floend@inbox.com,87281,5J56B86WMUEX,1
2020-01-18,floend@inbox.com,87281,VM7RFPDJH93X,2
2020-01-18,flio@yahoo.com,34575,3HJ2NGA6GA6M,1
2020-01-18,soa@msn.com,79682,NKVF5FXE9QIU,1
2020-01-18,soa@msn.com,79682,7IKUCENL4E07,1
2020-01-18,hiunk@yahoo.com,30630,YZRG8LNVQZFN,4
2020-01-18,voe@gmail.com,30085,OWUQHKVCT73S,4
2020-01-18,che@gmail.com,28690,X5JG6K84ILVM,1
2020-01-18,che@gmail.com,28690,9BFTFAZVMYQD,1
2020-01-18,truh@inbox.com,87517,Y467BN0FNQ26,1
2020-01-18,truh@inbox.com,87517,8KG897ZQX92Q,4
2020-01-18,truh@inbox.com,87517,ZIP23SV5VKYB,2
2020-01-18,truh@inbox.com,87517,HZJDDVNKPSZ9,1
2020-01-19,swi@aol.com,54339,3QPQTLBZNBWG,1
2020-01-19,swi@aol.com,54339,SHLFOTGAVTOD,1
2020-01-19,smiah@gmail.com,32107,BXT907ZA8IWY,2
2020-01-19,smiah@gmail.com,32107,B2LJSU74JRAN,3
2020-01-19,smiah@gmail.com,32107,9XC6B4KX4LZL,3
2020-01-19,draesk@gmail.com,45463,MHX2UL6UMES0,3
2020-01-19,draesk@gmail.com,45463,SV6KZX7NMTLT,1
2020-01-19,shyf@gmail.com,70103,UB3I1JS79R5U,2
2020-01-19,cleash@hotmail.com,37764,FT1NJLEBV67N,1
2020-01-19,neu@gmail.com,30129,IWKUUTN5D13I,1
2020-01-19,ha@msn.com,29315,PKC0QFPXQLKZ,2
2020-01-19,ha@msn.com,29315,VXZ13J7RUCB5,1
2020-01-19,ju@gmail.com,58343,9GJ8K02VWGZF,1
2020-01-19,ju@gmail.com,58343,VHTTICVBRQO7,2
2020-01-19,flea@gmail.com,05490,39OM0CU27IBE,3
2020-01-19,flea@gmail.com,05490,4TKA49E52L49,3
2020-01-20,fou@gmail.com,27626,340MRWT355T6,2
2020-01-20,paim@msn.com,85059,E8EJSE6VIR15,4
2020-01-20,paim@msn.com,85059,C02JBG04L9K8,1
2020-01-20,bro@icloud.com,36808,84DSFO9ROUNC,5
2020-01-21,smoeb@yahoo.com,83416,0X9P4U483XYV,2
2020-01-21,skei@msn.com,59822,OMX80565RXPZ,1
2020-01-21,kio@yahoo.com,13078,LLK7KX0GQ3GD,1
2020-01-21,kio@yahoo.com,13078,HKOX3KY17KHM,1
2020-01-21,snad@outlook.com,35989,OVIHQ2UY2J0J,2
2020-01-21,lu@hotmail.com,42686,SMUEYNVO9RNW,3
2020-01-21,lu@hotmail.com,42686,7Q1XGWV9B11P,2
2020-01-21,nusp@outlook.com,44537,B8SY6HME8V3Y,1
2020-01-21,skint@gmail.com,36480,DXXJTT7FRL6N,2
2020-01-21,swusk@msn.com,16178,78H63B698ZNB,1
2020-01-21,swusk@msn.com,16178,N6W364BW8U51,1
2020-01-22,bo@inbox.com,43806,RFFW0TWRG22I,2
2020-01-22,bo@inbox.com,43806,2RRZYMH38HX4,1
2020-01-22,frank@msn.com,48928,V44D0GZG1U35,1
2020-01-22,frank@msn.com,48928,HCXPZ6ZCO35I,3
2020-01-22,frank@msn.com,48928,L8M3EDCTBQZ0,4
2020-01-22,frank@msn.com,48928,AW5XC9A961LT,4
2020-01-22,shiuk@gmail.com,28051,FQK250KSPYMA,2
2020-01-22,shiuk@gmail.com,28051,3UHOO98CYC1Z,2
2020-01-22,shiuk@gmail.com,28051,34PI2MQSEB5X,2
2020-01-22,hea@gmail.com,75365,7I0W8SHQGJI5,1
2020-01-23,lish@live.com,51021,IAICITYD8NZ1,3
2020-01-23,ste@live.com,29547,0AC7RQU13U0S,1
2020-01-23,ste@live.com,29547,J7LBW7DD1W9S,2
2020-01-23,ji@hotmail.com,43859,9M9T62X2XZFP,1
2020-01-23,ji@hotmail.com,43859,DS29Z8VZ1O3Y,1
2020-01-23,vio@gmail.com,44517,ZH0HM5UZCLMY,1
2020-01-23,vio@gmail.com,44517,7AUAQKBHPH74,2
2020-01-23,shoe@live.com,36808,FMMYYBNTO08I,2
2020-01-24,saont@yahoo.com,39750,8I7EBCT9PWBE,4
2020-01-24,bla@mail.com,60578,WNIQ45PW5QFO,1
2020-01-24,bla@mail.com,60578,37WL2151AJXO,1
2020-01-24,bla@mail.com,60578,AJ2B0Z5N5FPS,1
2020-01-24,wiov@yahoo.com,63820,6HLJDWTNX49T,1
2020-01-24,blisk@yahoo.com,63420,EFY882NW4G07,3
2020-01-24,blisk@yahoo.com,63420,03LK6FXBJY5O,2
2020-01-24,blisk@yahoo.com,63420,67DY21TCRIXU,1
2020-01-24,sly@gmail.com,81393,S02IWYXKTUVI,1
2020-01-24,sly@gmail.com,81393,UBQJZ5Z5WZUN,3
2020-01-24,gouss@gmail.com,05490,P182HES5XR61,2
2020-01-24,gouss@gmail.com,05490,55AC5IEUQ9EN,2
2020-01-24,gouss@gmail.com,05490,9OR8A8EGZ7LT,1
2020-01-24,gouss@gmail.com,05490,6CF1B13AS8RC,2
2020-01-24,shiug@outlook.com,89892,4G04A0WVHF5H,2
2020-01-24,frept@yahoo.com,40918,1R3U30CTSA9W,1
2020-01-24,strar@gmail.com,31978,K9SP52G8Q9B4,1
2020-01-24,yiob@inbox.com,72721,1ZVDO3GWEWUC,1
2020-01-24,fli@hotmail.com,81700,DUYXO8LKHYEG,1
2020-01-24,fli@hotmail.com,81700,5Z6FNVDKV65F,1
2020-01-24,gree@yahoo.com,41601,081HN418WBGC,1
2020-01-24,gree@yahoo.com,41601,QSONM1BNXQCZ,1
2020-01-24,gree@yahoo.com,41601,OAV5D5UQCPP4,3
2020-01-24,hon@yahoo.com,41601,7C7ZNTU2H3HI,3
2020-01-24,hon@yahoo.com,41601,FUIMOW9BSFNY,2
2020-01-24,bi@hotmail.com,06632,X2RXV3NGEZEG,2
2020-01-24,reem@outlook.com,55492,UE3X92CV8JR8,2
2020-01-25,vuoss@outlook.com,05107,GWFK2DFRCONB,2
2020-01-25,soa@outlook.com,19308,QKBRZL4PAG8F,2
2020-01-25,shoz@yahoo.com,35309,PHMEMVRXPTL5,2
2020-01-25,shoz@yahoo.com,35309,9CW7D8EWPY03,6
2020-01-25,shoz@yahoo.com,35309,5B2M8IKNN4DF,1
2020-01-25,crio@gmail.com,70103,8O8O61CF830H,2
2020-01-25,crio@gmail.com,70103,RD8WD7NB8VL1,1
2020-01-25,zef@gmail.com,35989,OY3NVPU0UXNH,3
2020-01-26,droi@aol.com,78567,ODKFF1RU3FWC,1
2020-01-26,droi@aol.com,78567,6N72H0B6E68O,1
2020-01-26,claa@yahoo.com,91994,S05Z9BPBJ4UT,2
2020-01-26,no@inbox.com,23583,58TT7M1B72LH,1
2020-01-26,pluo@icloud.com,99661,E0YKRVEA53TT,3
2020-01-26,pluo@icloud.com,99661,0BJWEANMF29L,1
2020-01-26,pluo@icloud.com,99661,8387DOKACCR5,1
2020-01-26,blei@live.com,21553,5QVZ2I6LJ7EE,2
2020-01-27,gio@live.com,03932,7H20HHUY7JV9,4
2020-01-27,flia@gmail.com,99126,KIZVELRXPNAC,1
2020-01-27,sind@live.com,24633,XK3TAEJTR9CP,1
2020-01-27,zi@live.com,59189,U7MOZ5NE16DL,3
2020-01-27,zi@live.com,59189,SFV3LYU57Z14,2
2020-01-27,wai@msn.com,48316,KODTIVHPMTWL,2
2020-01-28,dreo@gmail.com,46479,1K7L9H608TGE,3
2020-01-28,dreo@gmail.com,46479,7Z6H6WS4HPIY,1
2020-01-28,dreo@gmail.com,46479,SCVPBVI3SKPI,1
2020-01-28,dreo@gmail.com,46479,ZJEHWCH2B2L5,1
2020-01-28,dreo@gmail.com,46479,56R8Z0EJ88KM,4
2020-01-28,dreo@gmail.com,46479,K933KJ6TJZC6,1
2020-01-28,snuesk@outlook.com,06669,LTC9DN09YC0T,2
2020-01-28,plich@aol.com,45463,O09OIXT2QEDL,1
2020-01-28,plich@aol.com,45463,6FSSHYYP4UGY,1
2020-01-28,smoet@icloud.com,79973,HC184J5USMGD,1
2020-01-28,tria@live.com,56213,B74JOVDZ0MYF,3
2020-01-28,tria@live.com,56213,7XCKGECXJPPU,2
2020-01-28,tria@live.com,56213,3K8RDQCWR5EJ,1
2020-01-28,tria@live.com,56213,MJC6SSNIUQ4Y,2
2020-01-28,chaav@gmail.com,47299,KTHSYE8P5FTD,1
2020-01-28,chaav@gmail.com,47299,QE58LLT0XBB2,1
2020-01-28,chaav@gmail.com,47299,37BRFUCGE9FB,2
2020-01-28,chaav@gmail.com,47299,BAH3MGZD3HUV,2
2020-01-28,chaav@gmail.com,47299,3JN7DN2T0OKR,2
2020-01-28,crio@gmail.com,70103,5JXL5QJQYNWP,1
2020-01-29,chiu@aol.com,44373,YJ9NO4F2SCOG,1
2020-01-29,chiu@aol.com,44373,PBG0SADEQF29,1
2020-01-29,chiu@aol.com,44373,UI2XPSI8B6SM,1
2020-01-29,chiu@aol.com,44373,58EDROK8H7X6,1
2020-01-29,gloemp@hotmail.com,94780,JQC358FXK3HC,2
2020-01-29,gloemp@hotmail.com,94780,J6UU1Y3QOWKQ,4
2020-01-29,chai@yahoo.com,34731,RBADJ9REZDD2,1
2020-01-29,chai@yahoo.com,34731,531Y0IX597TO,1
2020-01-29,chai@yahoo.com,34731,718U6MX660SA,1
2020-01-29,try@hotmail.com,19872,8570FZ8B7NG8,1
2020-01-29,try@hotmail.com,19872,384M2CYV1XUB,1
2020-01-29,snuel@yahoo.com,24841,MSFE2GL6OXNI,1
2020-01-29,snuel@yahoo.com,24841,4DD326A9QC21,1
2020-01-30,glip@yahoo.com,44962,C12T8IHSQBYJ,1
2020-01-30,vuoss@outlook.com,05107,7UIVDPF57INL,3
2020-01-30,jiow@inbox.com,80411,TXBY1I4785NY,1
2020-01-30,jiow@inbox.com,80411,AVRDS8FKA0LP,1
2020-01-30,nict@gmail.com,29302,SE2Y2L88J4Z8,2
2020-01-30,briot@aol.com,41601,UM1R9QVRJ8DN,1
2020-01-30,briot@aol.com,41601,DQRUFSYNEYZ3,1
2020-01-30,briot@aol.com,41601,6AOY4UNYDQ5I,3
2020-01-30,mom@msn.com,28690,VWZP69LXZX6I,1
2020-01-31,chueft@msn.com,60801,EA4STVTVJNPP,2
2020-01-31,chueft@msn.com,60801,TQENHU525TOE,2
2020-01-31,chueft@msn.com,60801,6C5GS0AOXU81,3
2020-01-31,yaiw@msn.com,76905,8VW61Y2EK7V0,1
2020-01-31,strysp@hotmail.com,28875,9MWY5B01YLNT,2
2020-01-31,strysp@hotmail.com,28875,DJG6MG97QQ38,3
2020-01-31,spiw@aol.com,39213,7WHNZ1XNMC00,3
2020-02-01,pupt@gmail.com,74876,N0220GP1Y6XZ,1
2020-02-01,pupt@gmail.com,74876,JOM1T4YDEEZB,1
2020-02-01,pia@gmail.com,35955,DFUPXV72GG1S,1
2020-02-01,pia@gmail.com,35955,3NB132ZNIWUP,5
2020-02-01,spoel@gmail.com,78476,1XEK21F0F3V1,1
2020-02-01,shesk@gmail.com,05490,GXFIKASZ1MEE,2
2020-02-02,zeeb@hotmail.com,89706,DQE06HCLBFPL,3
2020-02-02,goo@outlook.com,56216,WXCS2OXFD0D4,1
2020-02-02,vap@gmail.com,36370,MAW2WM3BFW3O,1
2020-02-02,vap@gmail.com,36370,JL5B13UNZGCZ,2
2020-02-02,vap@gmail.com,36370,MC8S9U5JG64H,3
2020-02-02,vap@gmail.com,36370,WUZGA6Q9OIRU,1
2020-02-02,gleer@hotmail.com,77145,0HGDH03T5H3S,3
2020-02-03,frue@aol.com,59036,BZ9GK018HDPS,1
2020-02-03,frue@aol.com,59036,MTRE4J9VKWNK,1
2020-02-03,sweu@hotmail.com,44962,VBWOKBUHFTLU,1
2020-02-03,bliech@gmail.com,42686,QWR38OFB57NE,1
2020-02-03,bliech@gmail.com,42686,2QA91PP194S9,1
2020-02-03,bliech@gmail.com,42686,U03JSPUU87IP,1
2020-02-03,swea@outlook.com,39959,BKX6XFLJS7K7,2
2020-02-03,pleiy@outlook.com,44373,EDS411WKI58N,1
2020-02-03,fou@aol.com,10189,47K5OLJ5IN1B,1
2020-02-03,fou@aol.com,10189,NEC8DA24WNGX,1
2020-02-03,fou@aol.com,10189,QCZQJ4QC9ZJN,5
2020-02-03,drouct@yahoo.com,06054,XJJ3XTA9AZ7R,1
2020-02-03,drouct@yahoo.com,06054,SAPF7LU8NU6V,3
2020-02-03,drouct@yahoo.com,06054,ERDCUDU1E74K,1
2020-02-04,weu@msn.com,59036,9KX91IQILTQ1,3
2020-02-04,sko@gmail.com,84205,RECRG320W9FP,1
2020-02-04,froct@outlook.com,14783,5PNYLDBB9FZP,1
2020-02-04,drung@msn.com,88382,P5PFU4BXFB4Z,2
2020-02-04,drung@msn.com,88382,JMHOK4LIAGTJ,1
2020-02-05,shonk@yahoo.com,55492,V10HWLGYWN73,1
2020-02-06,sloapt@yahoo.com,78223,26IX4BOOQPX0,3
2020-02-06,wioch@outlook.com,44841,5PW4A7GOUXZR,1
2020-02-06,tao@aol.com,13633,5682VNBKPGZ5,3
2020-02-06,tao@aol.com,13633,NLXG2YDFAIDO,2
2020-02-07,jing@aol.com,79721,VC8JQDAFFYHB,3
2020-02-07,snaact@yahoo.com,21964,HB4LBRWF3EIJ,2
2020-02-08,strei@yahoo.com,39959,3NB132ZNIWUP,1
2020-02-08,strusp@live.com,19106,SZO29TH64QVQ,1
2020-02-08,stoz@gmail.com,33359,FLIKUWGDDD5X,1
2020-02-08,haft@yahoo.com,76565,NSTGZUZHYLLV,4
2020-02-08,byl@gmail.com,65376,20MDTWRHYNQ4,2
2020-02-09,fyl@hotmail.com,11195,UW6H9H8D216A,1
2020-02-09,buf@yahoo.com,26405,X42D4JZL4KDP,1
2020-02-09,buf@yahoo.com,26405,U4CARAW5CYFV,1
2020-02-09,slu@gmail.com,53166,R9UP59QVBQTA,1
2020-02-09,heft@aol.com,32107,RHTI608TL6N5,1
2020-02-09,heft@aol.com,32107,I44SSH3J6JAW,1
2020-02-09,heft@aol.com,32107,GLZ7R8UV2W5R,1
2020-02-09,jui@live.com,44500,TB4A2N1F6H0B,1
2020-02-09,jui@live.com,44500,UHKVEV8O32XR,1
2020-02-09,jui@live.com,44500,4LEYOWV5CIHJ,2
2020-02-10,mieg@hotmail.com,56160,W4ILYTCWCYAQ,3
2020-02-10,snaipt@gmail.com,21729,6J7DL4II93LK,2
2020-02-10,snaipt@gmail.com,21729,WAGQFHLJNJ6W,1
2020-02-10,snaipt@gmail.com,21729,ZM1IXYXZEL8I,1
2020-02-10,grau@icloud.com,83416,5C0A3CMH5CFK,2
2020-02-10,tril@live.com,45628,R04R76X68LWY,1
2020-02-11,gluo@yahoo.com,24841,1VHNKDCQR4LC,1
2020-02-11,lov@aol.com,90118,F4DW0X6KKQRW,1
2020-02-11,lov@aol.com,90118,XTSE0IOKGJY4,5
2020-02-11,bu@hotmail.com,93491,HKVVT4FWYGT3,4
2020-02-11,bu@hotmail.com,93491,9FI0UNSK30UP,1
2020-02-11,deesk@icloud.com,99509,9906XUKQ9WAB,1
2020-02-11,deesk@icloud.com,99509,1TPCSZQ4DKAD,1
2020-02-11,strar@gmail.com,31978,HPD89TFF5HKC,1
2020-02-11,strar@gmail.com,31978,D2M67172KLYU,1
2020-02-11,strar@gmail.com,31978,ZPPZH64WXCA2,4
2020-02-11,spuond@live.com,91250,9013EPV55UTE,1
2020-02-11,spuond@live.com,91250,VO6YL7RT7NVP,1
2020-02-12,te@live.com,28875,SFGP1GT1DSIU,1
2020-02-12,gree@hotmail.com,65251,BSPYIYOX5W3M,2
2020-02-12,dru@aol.com,97579,18RVCZ2ZNRXV,3
2020-02-12,dru@aol.com,97579,5CKLD42KOEZ6,2
2020-02-12,dru@aol.com,97579,GTQ7EWX60YV0,1
2020-02-13,gre@icloud.com,87572,PT67M9CMZWBX,5
2020-02-13,glosp@msn.com,33138,84ZT1WZPPL8T,2
2020-02-13,drouf@gmail.com,87304,FD28J8GUQHVE,1
2020-02-13,drouf@gmail.com,87304,WD1H1579QS5U,2
2020-02-13,drouf@gmail.com,87304,XKAO4B5WK92P,4
2020-02-13,cra@msn.com,08315,QJXJF8IUXOYS,1
2020-02-14,leo@gmail.com,77789,0KQ9E759IHPG,2
2020-02-14,leo@gmail.com,77789,UWX4V0YWX99I,1
2020-02-14,blosk@yahoo.com,16134,Y9CGTQDX62MH,2
2020-02-14,neu@gmail.com,30129,V7K4RQE3BKAR,2
2020-02-14,neu@gmail.com,30129,SYLKJIS3USZR,2
2020-02-14,lep@inbox.com,28690,J80OCYSYM09V,1
2020-02-14,lep@inbox.com,28690,996UVMEUH7UL,4
2020-02-14,slah@hotmail.com,32796,Z6LQASZXCYUK,2
2020-02-14,slah@hotmail.com,32796,QCI08GIC4J7D,4
2020-02-14,wiunt@yahoo.com,75365,A6G58PTCC4WJ,3
2020-02-15,gaa@gmail.com,31087,8QYO6I93IHFC,5
2020-02-15,luy@gmail.com,74087,S937H83N7PXO,1
2020-02-15,pleup@msn.com,44841,1C1R6JZ0W6SJ,1
2020-02-15,pleup@msn.com,44841,EQMNFS7C5C9D,2
2020-02-15,pleup@msn.com,44841,9MEXE450JDVU,1
2020-02-15,pleup@msn.com,44841,ACMLSRJRXD5C,3
2020-02-15,pleup@msn.com,44841,9TG9O6K7B17K,1
2020-02-15,smea@gmail.com,11195,STQ5JMJU3MWR,3
2020-02-16,plan@outlook.com,27856,NYU56MIL700F,3
2020-02-16,plan@outlook.com,27856,SZO29TH64QVQ,1
2020-02-16,spek@gmail.com,97579,5VYS7EOL9JNE,1
2020-02-16,kuend@gmail.com,39073,RDSPLZFQ9G55,1
2020-02-16,sou@outlook.com,67092,5Z67MF7BH6O5,1
2020-02-16,sou@outlook.com,67092,N1PL0NNI4PVL,1
2020-02-16,kee@gmail.com,49681,X9CTKYPJ2B86,2
2020-02-16,priesk@hotmail.com,14632,W74K7LEKWQL7,2
2020-02-16,lai@gmail.com,91148,O2XLMVBJFMON,1
2020-02-17,weob@msn.com,41604,UBFMWFAFVY4X,1
2020-02-17,weob@msn.com,41604,38NZX3OBNZ9N,2
2020-02-17,ny@live.com,19093,X2IJJRPAZE43,4
2020-02-17,ny@live.com,19093,8FD1S1ZW1MGL,1
2020-02-17,smau@msn.com,44254,LE0Q247UR809,1
2020-02-17,smau@msn.com,44254,7B995X5EYER4,4
2020-02-17,namp@gmail.com,06125,KI4DNJEOR4UA,1
2020-02-17,namp@gmail.com,06125,2XM83D7XZCE0,1
2020-02-17,bross@msn.com,31065,RGRRPT3WPXH1,4
2020-02-17,bross@msn.com,31065,HDQU025PYJG0,4
2020-02-17,sna@aol.com,03654,VQ9MCU8FC25T,2
2020-02-17,sna@aol.com,03654,HISVHBSGSOOY,2
2020-02-17,sna@aol.com,03654,1RBQ5JGY6JC0,2
2020-02-17,sna@aol.com,03654,7959KXF1O6QH,1
2020-02-17,shoo@yahoo.com,54967,YMSC3ADMMOAO,3
2020-02-17,shoo@yahoo.com,54967,0UFPM4NUGKH3,1
2020-02-17,shoo@yahoo.com,54967,NTUQG8YWPLQA,1
2020-02-17,shoo@yahoo.com,54967,INZ1223A21BX,3
2020-02-17,shoo@yahoo.com,54967,P3JOSETF10FE,1
2020-02-17,draa@outlook.com,88153,PZ430AFK41L1,1
2020-02-18,she@aol.com,03587,1SHNQFTZKXBF,1
2020-02-18,swoa@msn.com,11882,W5Y3HLVXQA2P,1
2020-02-19,glash@gmail.com,97642,21156XL2FRAR,1
2020-02-19,frier@aol.com,11195,DFEILD79PQJV,2
2020-02-19,frier@aol.com,11195,0PP3UANGFQRJ,1
2020-02-19,frier@aol.com,11195,ACCBLNSPORVB,4
2020-02-19,hial@icloud.com,70346,R1WPADI7NASL,3
2020-02-19,slioft@gmail.com,97579,HZFDQ6LUZH1U,1
2020-02-19,fluamp@aol.com,23911,YRY8CKRQI46R,1
2020-02-19,fluamp@aol.com,23911,7ZCWRHUK3S4B,1
2020-02-19,skyp@live.com,33138,Z06D7WB7TM34,1
2020-02-20,loag@icloud.com,31087,1VCC3BJWUVLJ,1
2020-02-20,souz@gmail.com,10189,ZHPOQTAE3ATF,1
2020-02-20,drung@gmail.com,07423,6ZVAO27G5E66,1
2020-02-20,drung@gmail.com,07423,BNY7LH49R4Q7,1
2020-02-20,drung@gmail.com,07423,QQ1GB3BXIN55,1
2020-02-20,fropt@gmail.com,57705,6SIU7RPJYXMJ,1
2020-02-20,fropt@gmail.com,57705,MS8E2AU87MFB,2
2020-02-21,trupt@live.com,30745,QYUT96U8CCQ6,1
2020-02-21,skia@outlook.com,45628,WVRBYTDMCE58,2
2020-02-21,skia@outlook.com,45628,FN8OEBA80W4P,2
2020-02-21,skia@outlook.com,45628,SRTFGMTRDVQI,1
2020-02-21,band@gmail.com,49857,7HPR9JSY9LLG,1
2020-02-21,frast@hotmail.com,78567,T7VUZSBM2NGG,2
2020-02-22,hey@live.com,53166,UQYFS2IQG9WI,1
2020-02-22,floar@hotmail.com,56028,1BH94RXSD6M5,1
2020-02-22,siv@live.com,71961,1UF7X4908WAX,1
2020-02-22,siv@live.com,71961,GXGRZBGK6U18,2
2020-02-22,siv@live.com,71961,GCPR1QW0QRAX,2
2020-02-22,nu@hotmail.com,24841,XPYTL5ABNKBV,4
2020-02-23,deu@yahoo.com,19872,SHVRKTLA4IMO,1
2020-02-23,crua@gmail.com,88153,S1GTWVHZMBRC,1
2020-02-23,crua@gmail.com,88153,1RZSPQ6DAIAQ,1
2020-02-23,slaoct@live.com,37583,THKT4ZUPH4R1,1
2020-02-23,slaoct@live.com,37583,FFIHKYH42XCR,2
2020-02-23,slaoct@live.com,37583,THDT683HJD0Q,1
2020-02-23,snia@hotmail.com,68825,7WS425N1PQNM,1
2020-02-23,dun@yahoo.com,09714,1BP37I3JVDAR,2
2020-02-23,dun@yahoo.com,09714,MM2QXD8EW25U,3
2020-02-23,dun@yahoo.com,09714,YXX2LAWPBSAK,1
2020-02-23,dun@yahoo.com,09714,1A57ZZYH2KFV,1
2020-02-24,dar@outlook.com,45628,DZK2QBVE34I4,1
2020-02-24,dar@outlook.com,45628,O7BM23L14RDI,2
2020-02-24,dar@outlook.com,45628,02CDV1KZC6ZL,1
2020-02-25,roah@aol.com,48379,14NH1EP7XXZR,1
2020-02-25,roah@aol.com,48379,SHVRKTLA4IMO,1
2020-02-25,da@gmail.com,75583,KFY9PU9RCM52,2
2020-02-25,da@gmail.com,75583,FRZX8R1OUG5H,2
2020-02-25,da@gmail.com,75583,8NXQP35PIE6S,1
2020-02-25,da@gmail.com,75583,6HA0DECIW4LD,1
2020-02-25,tre@gmail.com,59036,U3V27K0F1M9Z,3
2020-02-25,tre@gmail.com,59036,8UZ4E5BX9Z6C,4
2020-02-25,stoss@gmail.com,00237,U229JZ3WOC69,1
2020-02-25,greupt@live.com,31065,HFVF080BKXL7,2
2020-02-25,bia@inbox.com,88153,64JG057Q53N5,1
2020-02-25,bia@inbox.com,88153,RO3535KE98TM,2
2020-02-25,smao@yahoo.com,65251,U12PQ6G3ZZ3S,2
2020-02-26,strea@inbox.com,88442,EKWKHEYLMNCN,1
2020-02-26,gie@gmail.com,63562,8G452LL7Z1ID,1
2020-02-26,paov@msn.com,25812,1QGMNCK2Z7YM,3
2020-02-26,paov@msn.com,25812,4GSU79X6P2LT,1
2020-02-26,paov@msn.com,25812,86TD4RY9DY5E,3
2020-02-26,bly@hotmail.com,44500,Y991M8MEEMN9,3
2020-02-26,meimp@yahoo.com,96567,MPO9HK1Y03AM,1
2020-02-26,meimp@yahoo.com,96567,HG0QEUPDLUY3,2
2020-02-26,meimp@yahoo.com,96567,5Y9CK227XGMH,1
2020-02-26,wang@outlook.com,46173,MJPSSECMHGEL,3
2020-02-26,wang@outlook.com,46173,7FTOJD9BKNAK,3
2020-02-26,plu@live.com,87572,UV2DNY8NBHSR,1
2020-02-26,praant@gmail.com,27626,GG3LDFPYO9KB,1
2020-02-26,praant@gmail.com,27626,PEYIWKJM1STF,1
2020-02-26,praant@gmail.com,27626,HOOR7M7KDOLP,1
2020-02-26,praant@gmail.com,27626,I4NNS6GIHHU2,1
2020-02-26,moi@gmail.com,78532,WEJF75MHGTR9,2
2020-02-26,moi@gmail.com,78532,10IIJ0VLKX86,2
2020-02-26,moi@gmail.com,78532,7V1XFK22W5GX,2
2020-02-26,floe@msn.com,70346,V690RS609YST,2
2020-02-26,floe@msn.com,70346,7Y6W4MFQKTRT,3
2020-02-26,floe@msn.com,70346,XXIVPMB1LF0L,1
2020-02-26,sty@outlook.com,14783,T3IVZKGDG69T,2
2020-02-27,shu@yahoo.com,55684,4WWY08IPG5BH,1
2020-02-27,doa@inbox.com,22650,U0XP87HQ2B6Q,3
2020-02-28,kyn@outlook.com,32889,LBBR8CZ8XR6V,2
2020-02-28,kyn@outlook.com,32889,IQBNIFNCQF2G,1
2020-02-28,kyn@outlook.com,32889,JXV6IFI4270D,3
2020-02-28,skat@hotmail.com,98762,RCRNHG5XBO8P,3
2020-02-28,voch@gmail.com,28139,KFO91F2OI0ZB,1
2020-02-29,saz@gmail.com,30745,8YR79TCOPZ85,1
2020-02-29,tria@live.com,56213,ABTS1Z0Q8KE8,3
2020-02-29,tria@live.com,56213,9R2RMWOUZXUB,1
2020-02-29,floib@hotmail.com,27751,0L37TNAA51QS,2
2020-03-01,sho@msn.com,87572,43B83WAH2RAJ,1
2020-03-01,strae@msn.com,76565,DB5UPS1J1F5B,1
2020-03-01,strae@msn.com,76565,05HJA6FDDM81,1
2020-03-01,strae@msn.com,76565,T7J0D1JA3YBO,1
2020-03-01,brek@yahoo.com,32889,O466K5SX3437,1
2020-03-02,ge@live.com,75304,VSEAZAXP01AZ,2
2020-03-02,smuo@yahoo.com,07605,PE1D4KM90Q2N,1
2020-03-02,sneuk@mail.com,48316,1V1THL7SBX9W,2
2020-03-02,trynk@aol.com,48928,SSODNAZTVTZ6,1
2020-03-02,trynk@aol.com,48928,O5M2BZUQP2WE,4
2020-03-03,fo@msn.com,05040,CO7DC026VU79,1
2020-03-03,fo@msn.com,05040,539CNXBLZVVS,1
2020-03-03,fo@msn.com,05040,FTTZMWHSI2GK,5
2020-03-03,frou@hotmail.com,28808,IVXQ022CL8QA,2
2020-03-03,sla@icloud.com,96375,ZZHHZ5LYEZGR,1
2020-03-03,taa@mail.com,41601,5PFLGMMJU4C7,2
2020-03-03,taa@mail.com,41601,RAG8X9GKY84T,1
2020-03-03,taa@mail.com,41601,XQYUJ7PT3TOJ,1
2020-03-03,stypt@msn.com,56564,CS6GGYESQZFA,1
2020-03-03,yynd@hotmail.com,00511,7UWFUEE98YJF,1
2020-03-03,yynd@hotmail.com,00511,5HI7PS8ANOV8,3
2020-03-04,mi@msn.com,69577,UDMBB5RGOXWE,1
2020-03-04,flo@inbox.com,29614,T1A38YF7HV6D,2
2020-03-04,flo@inbox.com,29614,FAB8UU3QYAH7,2
2020-03-04,diasp@yahoo.com,15741,WQ6A3H2KF8MM,1
2020-03-04,diasp@yahoo.com,15741,TLRIF5MCAN95,1
2020-03-04,due@gmail.com,71961,782LC5M2ZXSY,2
2020-03-04,due@gmail.com,71961,8HUSA4CDNLY2,2
2020-03-04,blu@hotmail.com,13137,7QXWUOGHW1R7,1
2020-03-04,blu@hotmail.com,13137,1VUWZNONX2J8,3
2020-03-05,gypt@gmail.com,03932,TC1K6W7AN4B3,1
2020-03-05,loa@gmail.com,70698,01TG9HCV0I5I,1
2020-03-05,loa@gmail.com,70698,QQAO8IGVXG7K,1
2020-03-05,loa@gmail.com,70698,ND3N75CN2SAN,5
2020-03-05,hiu@aol.com,19662,K5G9328FZ9IZ,1
2020-03-05,lo@gmail.com,84293,7598HK5V714G,1
2020-03-05,shi@msn.com,27626,5S33F4HIHJ8L,1
2020-03-05,snip@icloud.com,85562,OH2LPO7O1LO8,2
2020-03-05,gri@live.com,56160,2QE4PK5786KU,1
2020-03-06,noh@msn.com,88304,8J1HK0BPQ3JH,1
2020-03-06,noh@msn.com,88304,82THR4FVK8QQ,2
2020-03-06,noh@msn.com,88304,S9DOOW447KBG,2
2020-03-06,shump@aol.com,40918,L06GYYGB7V8Y,1
2020-03-06,staonk@inbox.com,99509,29MOPEHFZ84X,1
2020-03-06,staonk@inbox.com,99509,SBPQ5BL17ERM,1
2020-03-06,waeh@hotmail.com,29547,XLDC5MVEUIGI,2
2020-03-06,sniung@gmail.com,00137,BTA0BZ63H0UT,2
2020-03-06,sniung@gmail.com,00137,HKFZEX8VLBUG,3
2020-03-06,sniung@gmail.com,00137,DV3KDN11CL6K,3
2020-03-06,sniung@gmail.com,00137,8KFT0KFZERY5,2
2020-03-06,mot@gmail.com,13575,IBXQGEQQC67W,3
2020-03-06,spo@outlook.com,11195,0AEBXI01M29E,2
2020-03-06,spo@outlook.com,11195,VPO4MVOYBIHH,1
2020-03-06,smaomp@mail.com,26433,SRYMUUNISB4B,2
2020-03-07,fray@aol.com,38917,YDLUEN28D7EU,1
2020-03-07,foi@hotmail.com,87572,FYCWU042ILSQ,2
2020-03-07,blip@inbox.com,49298,TUZAJOB8MQXB,6
2020-03-07,blip@inbox.com,49298,Q20ELF07SXIB,3
2020-03-08,strio@yahoo.com,55492,6KX0O0HFD31V,1
2020-03-08,voesp@yahoo.com,81393,MOUNFVMB3QCH,1
2020-03-08,voesp@yahoo.com,81393,GRBPGH7VN9ST,4
2020-03-08,voesp@yahoo.com,81393,WXRX5BPYLB6C,2
2020-03-08,tryg@gmail.com,59822,8UL94R50KG8U,2
2020-03-08,crei@aol.com,44500,A4QROQT5E66N,2
2020-03-08,crei@aol.com,44500,8DQ5N4036BRY,1
2020-03-09,die@icloud.com,98560,Z2FCPV4STTM7,1
2020-03-09,gru@yahoo.com,89650,1A7L422FT5FV,2
2020-03-09,snio@yahoo.com,14549,0IDCNBB3AC73,1
2020-03-09,shamp@hotmail.com,68295,KZHIEI5IMV7H,1
2020-03-09,shamp@hotmail.com,68295,FK1JEOL30WZH,1
2020-03-09,shamp@hotmail.com,68295,3K8RDQCWR5EJ,6
2020-03-09,bly@gmail.com,97263,1VXH82D0YJBN,1
2020-03-09,clai@hotmail.com,71087,R99MOJNYLNI2,1
2020-03-09,clai@hotmail.com,71087,B5A5ELNWZ1KI,1
2020-03-09,rung@live.com,64933,I6I79P6AR844,1
2020-03-09,rung@live.com,64933,RM6EYLII3J8O,1
2020-03-09,stui@yahoo.com,36808,WI6ES34JOL4J,1
2020-03-09,stui@yahoo.com,36808,KXGD6AJZNOQQ,2
2020-03-10,lunt@yahoo.com,44962,9A4S24V2UQ2O,1
2020-03-10,lunt@yahoo.com,44962,03Q97HB75NCL,1
2020-03-10,snuo@icloud.com,64191,Z7N5MR9KJCLK,2
2020-03-10,slaint@gmail.com,47151,6QH0K0FE97RN,1
2020-03-10,slaint@gmail.com,47151,LYSPALC9ZA8Q,2
2020-03-11,cru@live.com,49824,TNAA1B1NR2TN,3
2020-03-11,cru@live.com,49824,SIIAWMEHCG2O,1
2020-03-11,cru@live.com,49824,VF6LXRW4TOZW,3
2020-03-11,cru@live.com,49824,F3G30M62D186,2
2020-03-11,kel@gmail.com,78532,GL4GPRQ9EB50,1
2020-03-11,blen@msn.com,90864,U8SCVD7Z94ST,4
2020-03-11,fruimp@yahoo.com,30630,2QE4PK5786KU,2
2020-03-11,styst@yahoo.com,05548,A2TZR2HOMM1C,2
2020-03-11,styst@yahoo.com,05548,NOZDT5CBAVN5,1
2020-03-12,strau@hotmail.com,43806,80G218QSB0TP,1
2020-03-12,strau@hotmail.com,43806,2MSI59JGJFJ2,1
2020-03-12,strau@hotmail.com,43806,CRAKQWKKW9B9,1
2020-03-12,swaomp@gmail.com,39392,ESZ4DLAFQ19G,1
2020-03-12,swaomp@gmail.com,39392,KPT5ACBZX0LG,3
2020-03-12,baip@hotmail.com,50980,S7YFESKETEXL,1
2020-03-12,grind@outlook.com,66362,C2XF6YFJHHNA,3
2020-03-13,hae@yahoo.com,39959,ZYKD919AAXY5,1
2020-03-13,koash@yahoo.com,56097,MPWOJJXC9TAV,1
2020-03-13,skia@yahoo.com,87662,LP1IY71UDW8T,1
2020-03-13,skia@yahoo.com,87662,14XIK6NTOMOL,1
2020-03-13,ge@inbox.com,69577,2GRLMTNP6W2H,5
2020-03-13,blo@aol.com,50980,80NNU7OOAOZ5,1
2020-03-13,blo@aol.com,50980,4YDB8RN8SI5G,1
2020-03-13,glout@yahoo.com,47917,8W9N6HC67FMT,2
2020-03-13,glout@yahoo.com,47917,3DR5JJ1AHMX7,1
2020-03-13,loag@icloud.com,31087,BLK3AKVAYUR5,1
2020-03-13,loag@icloud.com,31087,PKC0QFPXQLKZ,5
2020-03-13,prond@gmail.com,34575,3ZKTQTGOYCQG,2
2020-03-13,friung@outlook.com,87572,2LD8OO0WOFDW,1
2020-03-13,friung@outlook.com,87572,N92H9HDT9BQI,3
2020-03-13,friung@outlook.com,87572,9VMEFKD4RGQS,3
2020-03-13,guew@gmail.com,32424,FDMR0QOGZH3A,2
2020-03-13,guew@gmail.com,32424,K1O0ZU8X3RDA,2
2020-03-14,pleung@yahoo.com,53655,JAFCJC4BJJMW,3
2020-03-14,trea@gmail.com,75583,D6AG0B68I4DW,3
2020-03-14,trea@gmail.com,75583,CGKV78EZGDQF,2
2020-03-14,trea@gmail.com,75583,RQYBSSRTN1J4,3
2020-03-14,blea@aol.com,88304,WQ2A39MJQA3Q,2
2020-03-14,blea@aol.com,88304,2YQOBL2LA1AH,2
2020-03-14,blea@aol.com,88304,VJJDFNT2EXDW,1
2020-03-14,doo@yahoo.com,26525,WXU7LTGZRJYM,1
2020-03-14,plect@yahoo.com,06054,AQL5X2X18M5A,1
2020-03-15,zaov@inbox.com,30085,M1MLFJG5J3J6,2
2020-03-15,zaov@inbox.com,30085,KWDDHHB9RPFE,2
2020-03-15,zaov@inbox.com,30085,6H6Z8O8BF5Q1,3
2020-03-15,seunk@outlook.com,03615,YZLFKC9AM1Z5,2
2020-03-15,seunk@outlook.com,03615,53N97A5ZILDI,1
2020-03-15,seunk@outlook.com,03615,ON2E7D8TQN9T,2
2020-03-15,sneu@yahoo.com,75617,QM4TM25RJWH1,1
2020-03-15,sneu@yahoo.com,75617,HYODPEFMGJ1H,1
2020-03-15,sneu@yahoo.com,75617,11VKMM842KUD,4
2020-03-15,sneu@yahoo.com,75617,0IDCNBB3AC73,2
2020-03-15,brymp@icloud.com,36480,ZJYO5XMNKJDA,2
2020-03-15,mo@icloud.com,44432,2PCVFTCPM5YZ,1
2020-03-15,fleiz@icloud.com,44500,LWD2Y3DWV9VC,1
2020-03-16,stroz@yahoo.com,29614,8QJ88S87THVD,3
2020-03-16,stroz@yahoo.com,29614,CBT1A5OIEH45,1
2020-03-16,py@gmail.com,81700,HK3RJVERHG0L,2
2020-03-16,snue@gmail.com,50953,9GIECZRTWK54,1
2020-03-16,snue@gmail.com,50953,J608JU4XJ2JJ,1
2020-03-17,breu@icloud.com,91148,ZKZH0J7A2XKN,1
2020-03-17,ruift@gmail.com,78476,IDU2XCD0J565,4
2020-03-17,swynk@gmail.com,46137,8ICE5IDUOX3N,1
2020-03-18,puod@hotmail.com,25443,SDGHJVF5KLNJ,4
2020-03-18,puod@hotmail.com,25443,0X40FG2EJF3M,1
2020-03-18,clif@hotmail.com,81700,PYAHJRV4ZW6L,2
2020-03-18,clif@hotmail.com,81700,H6D5ZF5ZHMYW,1
2020-03-18,gess@gmail.com,73362,HDYYGOB3FFPG,1
2020-03-18,rusp@yahoo.com,83059,KZ4P7QWJOK85,2
2020-03-18,fro@hotmail.com,58061,EC13AJ39GPXN,1
2020-03-18,bloa@msn.com,38570,ZWRIUXM1EK6P,3
2020-03-18,maf@msn.com,08624,4EICHANQSRY2,2
2020-03-19,voss@hotmail.com,91994,0ZAHWSFPN8BP,1
2020-03-19,voss@hotmail.com,91994,BJAK4PJPZPR2,2
2020-03-19,spiass@gmail.com,14549,HW8VAQK3P8MK,3
2020-03-19,vie@gmail.com,29614,6NKQO681MSLT,1
2020-03-19,vie@gmail.com,29614,OI3XDLS5D5IS,1
2020-03-19,skoss@outlook.com,49298,FRWNUIILF794,3
2020-03-19,skoss@outlook.com,49298,QBM1RPMZ6Z47,3
2020-03-19,wooz@mail.com,49919,XLQVNMIO0GYS,1
2020-03-19,taa@gmail.com,36378,V7CMKCYJCQ36,1
2020-03-19,taa@gmail.com,36378,8YKGLRLZNNV9,1
2020-03-20,kauf@mail.com,68295,IAEFZFIXFNWB,2
2020-03-20,kauf@mail.com,68295,BRCL30YID35Z,1
2020-03-20,kauf@mail.com,68295,YYGAXOZRO69H,2
2020-03-20,kauf@mail.com,68295,HNS8TGSN1Q96,2
2020-03-20,kauf@mail.com,68295,86KHBCU87V50,1
2020-03-20,poost@msn.com,78567,6EVWV1Z8NA1I,2
2020-03-20,poost@msn.com,78567,ZRQ4QRJ1DO91,1
2020-03-20,sy@live.com,32323,RN4JRYOL17KH,2
2020-03-20,sy@live.com,32323,AWH050UQAOAC,1
2020-03-20,swaon@gmail.com,34731,55QHPCOC1442,1
2020-03-20,soung@inbox.com,10310,Y86KNFFCKVAY,2
2020-03-21,nui@icloud.com,44432,6KTJFT86P5OZ,1
2020-03-21,moed@aol.com,23147,2IB9DIRM6480,1
2020-03-21,moed@aol.com,23147,A2FVZJFX5RJL,1
2020-03-21,moed@aol.com,23147,VZXL7JM29QOW,1
2020-03-21,moed@aol.com,23147,ZRQ4QRJ1DO91,2
2020-03-21,friu@gmail.com,70103,4VKU0LAH44CR,1
2020-03-22,draish@outlook.com,87517,WZU37DI93FRE,1
2020-03-22,tro@live.com,08624,HZXNQTB7PDDG,1
2020-03-22,chou@icloud.com,53366,QQLGFIPC9U57,1
2020-03-22,yoz@gmail.com,61047,VCN20FVYUKX2,1
2020-03-22,yoz@gmail.com,61047,EGNLZ2ZPIP61,1
2020-03-22,yoz@gmail.com,61047,1VU6ETB7HT3L,1
2020-03-22,yoz@gmail.com,61047,GE3VRT2Z5IFB,2
2020-03-23,shuim@gmail.com,21964,1N8OHEKS2IYU,1
2020-03-23,bunk@hotmail.com,75583,MJW2WBUESN7S,2
2020-03-24,giomp@gmail.com,06125,728Z0KK2R1RR,5
2020-03-24,swaa@yahoo.com,98551,JSDIVC5ARDGC,2
2020-03-24,fluh@gmail.com,82963,7I81IRZP3BLP,2
2020-03-24,fluh@gmail.com,82963,Q6K45HGLJER0,1
2020-03-24,viust@hotmail.com,55765,MPGAX4AHVADG,1
2020-03-24,nausk@hotmail.com,39971,R4TA2F3YSAB9,2
2020-03-24,smup@live.com,92714,3MRA1G18CML9,2
2020-03-24,sloi@outlook.com,33359,EKPCHEODYH9S,5
2020-03-24,clo@yahoo.com,45463,FEOL6TYUNHAT,1
2020-03-24,clo@yahoo.com,45463,SWPNYAPIAE0C,2
2020-03-25,freif@gmail.com,53018,YVIOTWQWHKU3,1
2020-03-25,stu@outlook.com,80671,0OTZKQ3T6J8G,1
2020-03-25,traast@yahoo.com,70103,C95WLATV65RF,2
2020-03-25,traast@yahoo.com,70103,TD3A3GTRIBVQ,5
2020-03-25,creal@gmail.com,57705,DBA57Q1BFDKA,1
2020-03-25,creal@gmail.com,57705,AY3OECGSJYX4,1
2020-03-25,prua@gmail.com,13633,A6IQO17NAC6Y,3
2020-03-25,prua@gmail.com,13633,PJCUCR9L5NMU,1
2020-03-25,prua@gmail.com,13633,S252HTLH2169,1
2020-03-25,spoich@inbox.com,45463,C0D1ATR2F6X5,1
2020-03-25,yaimp@hotmail.com,15990,BDWHFR0SK89K,3
2020-03-25,yaimp@hotmail.com,15990,2PRJ8JK05IK9,2
2020-03-26,sist@live.com,07280,4DZKIIISDHE6,1
2020-03-26,sist@live.com,07280,FEMBKBYGD2PG,3
2020-03-26,joa@gmail.com,49824,YSW5O255EP9A,3
2020-03-26,joa@gmail.com,49824,KU12DO7YGLUA,2
2020-03-26,joa@gmail.com,49824,OL26JEH8U7U8,2
2020-03-26,joa@gmail.com,49824,UEDXOZ0UVEBW,1
2020-03-26,fly@outlook.com,09149,YBUSC2R5LW3V,1
2020-03-26,fly@outlook.com,09149,LFV1TMCWC7RJ,3
2020-03-26,fly@outlook.com,09149,D6UDQ13VPANY,1
2020-03-26,wean@hotmail.com,46137,C74HSXQVMXLP,3
2020-03-26,wean@hotmail.com,46137,055NE57N9J2Q,2
2020-03-26,wean@hotmail.com,46137,PEYF5GD3CQK2,1
2020-03-26,wean@hotmail.com,46137,BRCL30YID35Z,2
2020-03-26,fleot@outlook.com,97263,THR1JNG7J0AC,2
2020-03-26,fleot@outlook.com,97263,AN3YUAKL1H3A,2
2020-03-26,bit@yahoo.com,07280,FY2VHCUX8RV1,1
2020-03-27,syg@gmail.com,01979,NGO2W9ZNKZIU,3
2020-03-27,syg@gmail.com,01979,EVM2K603FQ9S,3
2020-03-27,syg@gmail.com,01979,BWAJ9DCXBLUD,3
2020-03-27,syg@gmail.com,01979,R9EZRJMWC3WR,3
2020-03-27,slo@yahoo.com,02536,QTX1HGZ1AK18,2
2020-03-27,slo@yahoo.com,02536,6NQIPIG4JTGC,4
2020-03-27,slo@yahoo.com,02536,PGEQOXNMN40V,1
2020-03-27,swaid@aol.com,75365,A61GV557K5CD,3
2020-03-27,swaid@aol.com,75365,8MV8G3GQ1REH,1
2020-03-27,swaid@aol.com,75365,WXRM784CBBML,1
2020-03-27,spyz@gmail.com,36808,H287K6ELVM6W,1
2020-03-27,spyz@gmail.com,36808,2SAVZ8ZG75WJ,1
2020-03-27,spyz@gmail.com,36808,TYXTX7JZSVEC,3
2020-03-27,spyz@gmail.com,36808,S818YPFNIO9O,3
2020-03-28,veu@yahoo.com,48928,Q9CW69R208K4,3
2020-03-28,veu@yahoo.com,48928,6KJURLADRPAI,1
2020-03-28,veu@yahoo.com,48928,PLG45A2NTYVE,1
2020-03-28,sniz@gmail.com,44517,QD6UV39WV0FH,1
2020-03-28,fle@mail.com,88153,DU7BE9OY5CUL,1
2020-03-28,fle@mail.com,88153,MM6J4ZGFRWMJ,2
2020-03-28,ni@msn.com,17365,JT1LZU8TTI6S,1
2020-03-28,sa@gmail.com,14783,3S38QU1I29C5,3
2020-03-29,mu@aol.com,05040,LWU8QFJLDUKV,4
2020-03-29,nob@inbox.com,75365,1KUGAD9ML6YC,1
2020-03-29,wiu@icloud.com,78918,SHM12T0CM0E9,1
2020-03-30,creach@gmail.com,63790,8X2T1RF4F565,2
2020-03-30,creach@gmail.com,63790,LXO7I2MTF8B5,1
2020-03-30,creach@gmail.com,63790,NNFW1I5OKDW6,2
2020-03-30,cheft@yahoo.com,66362,YRHCR1RA3QKT,2
2020-03-30,cheft@yahoo.com,66362,TSZD60JFG262,1
2020-03-30,sne@outlook.com,37199,E7XU07OU7QYJ,2
2020-03-30,swass@inbox.com,81414,2DL5GHPPB60Y,3
2020-03-30,swass@inbox.com,81414,XXKG52SIS74A,3
2020-03-30,swass@inbox.com,81414,0UG3I6JLYA2A,1
2020-03-30,swass@inbox.com,81414,G3EBSWDM37XC,2
2020-03-30,flent@yahoo.com,31087,41STWKBJGELE,1
2020-03-30,wif@yahoo.com,86027,DL5HRC8ZX781,3
2020-03-30,ziss@hotmail.com,78567,LA8EVP5OCTFJ,1
2020-03-30,ziss@hotmail.com,78567,NYAEKUTQSYDE,2
2020-03-31,loisp@mail.com,44254,D3AVO7OUNDCB,1
2020-03-31,loisp@mail.com,44254,54NK11RXBFPU,1
2020-03-31,bin@hotmail.com,34810,LCBJR5N06QJ9,2
2020-03-31,bin@hotmail.com,34810,IUWAL32955S5,1
2020-03-31,jof@hotmail.com,04651,S32KBH8I3RNX,1
2020-03-31,sha@outlook.com,98762,3S13LW2MHCOL,1
2020-03-31,lu@yahoo.com,88621,4SCMCQ8JPXEU,1
2020-03-31,lu@yahoo.com,88621,8NOD2WRDZLBP,1
2020-03-31,lu@yahoo.com,88621,OFCPUTURQ01R,1
2020-03-31,lu@yahoo.com,88621,X4DZRHZ3034J,2
2020-03-31,shoeh@hotmail.com,05996,TIC2NNMTO6TX,1
2020-03-31,shoeh@hotmail.com,05996,ZKUHGFDML25W,4
2020-03-31,fliu@inbox.com,75617,2MQ9IQO3W4IV,2
2020-03-31,fliu@inbox.com,75617,7ZARJ6OJ78CA,2
2020-03-31,fliu@inbox.com,75617,FK8E3AYWDDP0,2
2020-03-31,flaep@hotmail.com,02539,BG78M6NPQU46,2
2020-03-31,zum@msn.com,96375,2S7WPDUXUS01,2
2020-03-31,zum@msn.com,96375,GC3R00135C6Z,2
2020-03-31,zum@msn.com,96375,VT272YIV7XZQ,1
2020-03-31,zum@msn.com,96375,0ED4E90XK0NM,1
2020-04-01,buo@hotmail.com,39750,P34I9BVRHB27,1
2020-04-01,buo@hotmail.com,39750,RY2ZGL6KBC9D,1
2020-04-01,pae@gmail.com,97642,H14K0NC6SL71,2
2020-04-01,pae@gmail.com,97642,MWTWK7PUJ4KG,1
2020-04-01,brio@live.com,60801,ELOKH0WNQSNW,5
2020-04-01,spoa@mail.com,50953,5RJ3K7N94UD4,1
2020-04-01,grap@hotmail.com,36370,QWVYZU5ANW4R,1
2020-04-01,grap@hotmail.com,36370,VLVLMB5307B5,3
2020-04-01,grap@hotmail.com,36370,GM5HYEHHZJW3,1
2020-04-02,so@gmail.com,39971,PTCENRLPBM9D,1
2020-04-02,namp@gmail.com,06125,1WEES2TLKES6,1
2020-04-02,sha@live.com,32076,114ARN8V4B50,1
2020-04-02,sha@live.com,32076,HDG1NCQ4Z38B,1
2020-04-02,sha@live.com,32076,GZ3Z4YDUEXJU,1
2020-04-02,sha@live.com,32076,R4NMF7BBQDZ3,2
2020-04-02,moust@gmail.com,02243,LACPT5QE16MH,3
2020-04-02,creal@gmail.com,57705,10ONSKB2Q2RG,1
2020-04-02,creal@gmail.com,57705,8FRV4OU8D4EJ,1
2020-04-02,spiesk@inbox.com,54339,5Z0S5E3GQCEP,2
2020-04-02,syk@yahoo.com,32796,NRRI6CNLNL9J,1
2020-04-03,hau@live.com,68295,3LHVZUFVQXHI,1
2020-04-03,stuo@hotmail.com,71961,UCJRX5FLJL0N,1
2020-04-03,slo@icloud.com,94634,QHTVA3NQJ8ED,1
2020-04-03,do@outlook.com,36480,ZHPSQALGBVXJ,1
2020-04-03,pung@live.com,41977,5AK4Z8GVXO8C,1
2020-04-04,drui@gmail.com,41396,WE1P1RKJPKAK,2
2020-04-04,drui@gmail.com,41396,RIUSTBK3NH4W,1
2020-04-04,shav@yahoo.com,56564,PN9KL93GECHH,3
2020-04-04,shav@yahoo.com,56564,5PBEBU9JM3VO,1
2020-04-04,ploesk@outlook.com,03932,407V03EM97W1,6
2020-04-04,clei@yahoo.com,38848,YW4ED7OQGX7D,3
2020-04-04,smou@yahoo.com,98865,N4U7ZLU1ET5C,1
2020-04-04,smou@yahoo.com,98865,EPWNUGNWAU6V,2
2020-04-04,tio@aol.com,81393,XKHQL4IMKMMP,1
2020-04-05,druo@yahoo.com,13938,E5ALZ2UJZR5F,1
2020-04-05,druo@yahoo.com,13938,CGC146VSW9WK,3
2020-04-05,druo@yahoo.com,13938,MR0HM771AKN3,3
2020-04-06,go@live.com,13575,3QMLCL5LXNVN,1
2020-04-06,go@live.com,13575,N6WV8N3UXN4F,2
2020-04-06,brae@aol.com,06125,SQUB4OQ892PV,4
2020-04-06,lug@gmail.com,06054,0OTC9BAIZ0EK,6
2020-04-06,lug@gmail.com,06054,QONZYZ2LNDO7,3
2020-04-06,dreo@hotmail.com,27468,EGRSX5DHHBSD,1
2020-04-06,sku@yahoo.com,87304,LC5CBD8SKJUD,2
2020-04-07,sa@outlook.com,48789,DY3XWVLFH0P6,1
2020-04-07,brosp@icloud.com,28308,YU8T7Q5FP6X6,3
2020-04-07,sko@hotmail.com,15587,MOFL095A5573,1
2020-04-07,shoch@inbox.com,84293,3S2SIZFHR93U,1
2020-04-07,shoch@inbox.com,84293,OZKC75NGQ1CP,1
2020-04-07,fry@aol.com,62401,5Q46XVZ2PTWS,1
2020-04-08,pio@outlook.com,57705,HFV9AQB6F5YU,1
2020-04-08,yuomp@hotmail.com,54967,GLNOOT0QBWD5,3
2020-04-08,swod@gmail.com,32889,2IZ3H9DQITG9,2
2020-04-08,swod@gmail.com,32889,PECGP8Z7DWCA,1
2020-04-08,swod@gmail.com,32889,HFV9AQB6F5YU,2
2020-04-08,drouz@gmail.com,34575,757JYCA96V0I,2
2020-04-08,streact@inbox.com,33138,MALG8K8N6EGA,2
2020-04-08,streact@inbox.com,33138,DU1IC4FQZN7W,1
2020-04-08,wiow@aol.com,73700,54PCEGD892LG,3
2020-04-08,wiow@aol.com,73700,40K0R9P5XKRO,1
2020-04-08,clauss@hotmail.com,70698,LQZFCV8LKVKJ,2
2020-04-09,cloi@live.com,99185,9QPMXBKK7OOV,2
2020-04-10,grul@gmail.com,15101,6X3QIJZI5GAV,3
2020-04-10,striey@outlook.com,41977,6NKQO681MSLT,1
2020-04-11,sweect@gmail.com,89892,DJG6MG97QQ38,3
2020-04-11,spaur@gmail.com,25812,8NUVJW1SO0RS,2
2020-04-11,zie@live.com,07510,NU5M7633HO32,5
2020-04-11,gliot@hotmail.com,70242,KQ68QDI6BQXH,1
2020-04-11,toond@outlook.com,83059,UP8BHJ8JGNPG,2
2020-04-11,poub@inbox.com,21553,1RBQ5JGY6JC0,2
2020-04-12,clyct@hotmail.com,32424,F90E84229421,1
2020-04-12,clyct@hotmail.com,32424,L5JDSF0IJVRO,3
2020-04-12,blyf@gmail.com,00724,GJC0JM07W3WH,4
2020-04-12,glio@inbox.com,89246,VCB84HCT7ZOF,6
2020-04-12,ne@aol.com,18694,20WTO4HL9JOL,1
2020-04-12,ne@aol.com,18694,01OTG3KLKBUM,1
2020-04-12,ne@aol.com,18694,NG8UYMWFZALM,1
2020-04-13,nao@outlook.com,65251,T816M21KCKFJ,2
2020-04-13,nao@outlook.com,65251,KP3HJY7NWNLL,2
2020-04-13,cleuk@live.com,89168,K7U28EIBMRQK,2
2020-04-13,ryy@gmail.com,39971,DP0X75LDN8Q8,1
2020-04-13,dreont@gmail.com,39451,62EPDODR8AZK,1
2020-04-13,dreont@gmail.com,39451,P8KGK3L938M5,1
2020-04-13,dreont@gmail.com,39451,SB2H495613TO,1
2020-04-13,swoe@aol.com,05048,LBCR5OVO5DH8,1
2020-04-13,swoe@aol.com,05048,NP17F47UG2R0,2
2020-04-13,flev@gmail.com,66864,EPBSOIAYF0JX,2
2020-04-13,flev@gmail.com,66864,B5S8M3KNQ6FH,2
2020-04-13,plaaw@gmail.com,02272,T2MEZITP5WRQ,2
2020-04-13,zuint@yahoo.com,50426,NEIVRMUAW90T,3
2020-04-14,lau@icloud.com,33078,KCGPL2YNNCQU,2
2020-04-14,ve@hotmail.com,28808,M2Y38B505LRA,1
2020-04-14,diew@outlook.com,54493,E7H051O9O9RJ,1
2020-04-15,shui@live.com,21288,11ZCNSKFDFZH,1
2020-04-15,shui@live.com,21288,6HG32XJJYC40,2
2020-04-15,shui@live.com,21288,53KRIVRQM5UF,1
2020-04-15,spuoy@live.com,29078,EK9UB0Q1L1IC,1
2020-04-15,hua@inbox.com,03654,B26FSPUJ9VZ2,2
2020-04-15,bruer@outlook.com,16178,Q78G834ND85T,1
2020-04-15,bruer@outlook.com,16178,T4Z5Q2H3NFND,1
2020-04-15,bruer@outlook.com,16178,SUCXQDYB9WF6,3
2020-04-15,bruer@outlook.com,16178,CGSBIBIP0IPA,2
2020-04-15,reaft@hotmail.com,12914,CXX1SKKWP3FP,3
2020-04-15,reaft@hotmail.com,12914,OG8R8WQBFS8W,1
2020-04-15,reaft@hotmail.com,12914,71V621BAUXZ1,1
2020-04-15,reaft@hotmail.com,12914,1Q7Y04M1RKYZ,2
2020-04-15,wo@outlook.com,61291,N7C0KFJ9CD3A,1
2020-04-15,luo@aol.com,99079,FU20GZ97WLVI,1
2020-04-15,creu@hotmail.com,09714,5Y0WHMBZ2ZCB,1
2020-04-15,druil@aol.com,29078,M3JIX49YOYGP,1
2020-04-15,swaimp@hotmail.com,07423,ADRLSBUFSK8R,2
2020-04-16,frue@aol.com,59036,1UODX42YRT7Q,1
2020-04-16,frue@aol.com,59036,3U1O8EGGOSQU,1
2020-04-16,frue@aol.com,59036,A9NX4XVKMT59,1
2020-04-16,snuil@gmail.com,92938,77ENVL59E0QW,1
2020-04-16,fost@msn.com,29078,15GQJXF66WIL,3
2020-04-16,fost@msn.com,29078,UG6DCLG1EI33,3
2020-04-16,trae@hotmail.com,31978,GUQMYT9TG4AO,4
2020-04-16,roa@icloud.com,99185,KVHKXKZ1FQIM,1
2020-04-16,roa@icloud.com,99185,B8K8CEEKHYV8,3
2020-04-16,roa@icloud.com,99185,ZX4PPB7JBPSU,1
2020-04-16,paunk@gmail.com,12914,Z34LAL192G1T,2
2020-04-16,gree@yahoo.com,41601,QVNT2TS0GOC8,1
2020-04-16,veuss@hotmail.com,23666,UEB3M56LEBO3,1
2020-04-17,braact@live.com,83704,HTEZXF8XNJ5J,1
2020-04-17,smio@yahoo.com,60772,2CWYJOW3ML5H,2
2020-04-17,frui@gmail.com,68990,JQ1X90KK4MNP,1
2020-04-17,frui@gmail.com,68990,O4G4G8KOL8F9,1
2020-04-17,frui@gmail.com,68990,94WQKGY580CK,1
2020-04-17,sla@gmail.com,89650,9FMXEAHZCHMR,2
2020-04-17,sla@gmail.com,89650,O3IPKHHZ3IH0,1
2020-04-17,sla@gmail.com,89650,WRK5WD0EV9VN,1
2020-04-17,ji@msn.com,59189,3OR6FZBSDZGN,1
2020-04-17,ji@msn.com,59189,TGAUJ4MCS7IG,3
2020-04-17,preup@yahoo.com,06125,ETIOHA2J9YYP,1
2020-04-18,kio@aol.com,81393,64KU4GIW8ZF9,1
2020-04-18,kio@aol.com,81393,6ZXV1174VLTA,1
2020-04-18,yeng@hotmail.com,22650,TFXQW7IUXKWL,1
2020-04-18,yeng@hotmail.com,22650,7G13E7YO8ZAW,2
2020-04-18,pamp@icloud.com,89892,F21WQPXRO2N3,2
2020-04-18,pamp@icloud.com,89892,8VFC4ZUN5X3B,2
2020-04-18,zoeft@inbox.com,31978,3HQ0GCZ0GFXH,1
2020-04-18,cla@yahoo.com,23169,EGNLZ2ZPIP61,2
2020-04-19,snai@hotmail.com,21729,CW1PLFBOJGZG,3
2020-04-19,snai@hotmail.com,21729,SP7EYJYP23IV,1
2020-04-20,drypt@mail.com,60578,FN40BXFWHN57,1
2020-04-20,plao@gmail.com,57346,7RCLSGXU6TWW,1
2020-04-20,plao@gmail.com,57346,RUGACRZ6P4J2,1
2020-04-20,plao@gmail.com,57346,RAIG46D9WRSS,1
2020-04-20,plao@gmail.com,57346,EBDKCF887SYI,1
2020-04-20,draa@gmail.com,68990,ARQGEZ2TZZ04,2
2020-04-20,draa@gmail.com,68990,HV8RW3ZHSX9Q,1
2020-04-20,draa@gmail.com,68990,RN5UDW273JWS,1
2020-04-20,bliu@inbox.com,07315,XBPBWWDFMLRV,2
2020-04-20,bliu@inbox.com,07315,85F63V0QP1MX,3
2020-04-20,snia@msn.com,68836,RY0MMB578MAD,2
2020-04-21,broish@hotmail.com,73189,UVF4AB87T1PX,1
2020-04-21,swy@inbox.com,98551,LXO31RAS8VIW,1
2020-04-21,swy@inbox.com,98551,Q3EY1ULWQ2DH,4
2020-04-21,frier@aol.com,11195,XQUKT582OFQE,1
2020-04-21,frier@aol.com,11195,V1TDD6RRDI7Q,2
2020-04-21,gruonk@gmail.com,02536,QUPBIGKW7EAP,2
2020-04-21,zei@yahoo.com,10363,3W3TW68QFQY8,4
2020-04-21,zei@yahoo.com,10363,AHZ2RMU7GVP3,2
2020-04-21,zei@yahoo.com,10363,QEDYRZ22VLB4,1
2020-04-21,preab@mail.com,47917,PNFB9AJ2WR91,1
2020-04-21,preab@mail.com,47917,8PNALK4NE8FN,4
2020-04-21,preab@mail.com,47917,Q86E88TOOQPI,4
2020-04-21,preab@mail.com,47917,9H5CBP7D19WL,1
2020-04-21,foeh@mail.com,25443,8ED0QDNAB7WD,1
2020-04-22,ract@mail.com,92847,CQOFYVHHKV7B,4
2020-04-22,ract@mail.com,92847,3WNSRXK93CEF,1
2020-04-22,stet@live.com,13575,9I9I3ZKXS03W,2
2020-04-22,swai@gmail.com,93552,LKZAFATXSLHT,3
2020-04-22,jo@gmail.com,54528,L5IJOBZ475O5,1
2020-04-22,gi@gmail.com,34800,F5HM0B4XNOC1,5
2020-04-22,gi@gmail.com,34800,ZIFL36XXVVCL,3
2020-04-22,gi@gmail.com,34800,QZRE2P25NNN9,1
2020-04-22,smie@gmail.com,70306,3U1O8EGGOSQU,1
2020-04-22,smie@gmail.com,70306,XY7ZMFY5RJCO,1
2020-04-23,blow@inbox.com,70618,02SY6QKW20AK,1
2020-04-23,blow@inbox.com,70618,5958MEENW28L,3
2020-04-23,steuy@inbox.com,69064,JPR0NLQMC8IX,1
2020-04-23,groh@hotmail.com,46720,D7Q6TDLZQ746,2
2020-04-23,clei@yahoo.com,38848,YCO0BQCIGZTX,2
2020-04-23,vy@aol.com,03932,RQ4ZL1CHF5LL,1
2020-04-23,vy@aol.com,03932,EVZ0R5WYCGQT,2
2020-04-23,vy@aol.com,03932,HXOMKHM9WC4K,1
2020-04-24,proisp@msn.com,15990,N3J5V5UPH74K,1
2020-04-24,proisp@msn.com,15990,B6Q3RZ5LI863,1
2020-04-24,yang@yahoo.com,44841,WA51R1H3GJU9,2
2020-04-24,yang@yahoo.com,44841,MALG8K8N6EGA,1
2020-04-24,groev@aol.com,39971,N0VJNWUVFYSB,3
2020-04-24,groev@aol.com,39971,0SGKBY8C3X4Y,1
2020-04-24,cluo@gmail.com,06054,6JZU3KXHDHZK,1
2020-04-24,cluo@gmail.com,06054,FG5NIWY8577Z,1
2020-04-24,cluo@gmail.com,06054,3VZ4MH5NQMVF,1
2020-04-24,priank@mail.com,68005,LDTVLYPE8RTY,1
2020-04-24,chept@msn.com,07243,R9ZI83NFAGJ6,1
2020-04-24,chush@live.com,70346,7XFUWQH5MCYM,2
2020-04-25,voa@inbox.com,88621,I97BVMRA0E15,1
2020-04-25,skei@live.com,42079,0QXR4CV6QVUM,1
2020-04-25,skei@live.com,42079,YSK31CZ2FUJ8,1
2020-04-25,spuch@gmail.com,65952,PFQJAJKV3X5B,2
2020-04-25,spuch@gmail.com,65952,VU5H2JPP1DKE,1
2020-04-25,blum@gmail.com,37464,A3QRYHMN1G2S,1
2020-04-25,slai@gmail.com,44119,IYZXLJODT7RE,1
2020-04-26,plush@aol.com,05040,WKACDVFWUNTO,3
2020-04-26,plush@aol.com,05040,DM74X9925R6K,2
2020-04-26,plush@aol.com,05040,J509451OWWZ7,1
2020-04-26,bloi@gmail.com,53801,RB18B05W6HBI,1
2020-04-26,bloi@gmail.com,53801,FZYY38AWN88R,1
2020-04-26,stoct@inbox.com,00582,TD0L7SS7I0MZ,2
2020-04-26,tao@gmail.com,03375,AQ4JB7POV769,1
2020-04-26,gra@live.com,02243,RDRCYP2AU76J,1
2020-04-26,gra@live.com,02243,6GAV3CSP5YA3,1
2020-04-26,gra@live.com,02243,GT4U53OHINRS,1
2020-04-26,floa@aol.com,41601,EQMNFS7C5C9D,2
2020-04-27,lean@outlook.com,71561,7WKNVT1GQ60D,1
2020-04-27,lean@outlook.com,71561,UAE5QFX2CAP5,1
2020-04-27,lean@outlook.com,71561,5GCD3UY0FJRN,1
2020-04-27,brey@hotmail.com,15990,TSPCH4LRLAO0,1
2020-04-27,brey@hotmail.com,15990,C54X9BHCC9AH,2
2020-04-27,ruamp@yahoo.com,76905,LB0U77Q5MIFI,1
2020-04-27,briy@gmail.com,35309,CLWDYMPCDX0G,2
2020-04-27,briy@gmail.com,35309,6620M4G5WE43,1
2020-04-27,briy@gmail.com,35309,O430XY143C45,3
2020-04-28,droi@aol.com,78567,RVX7Q9VPOZY4,1
2020-04-28,fing@inbox.com,30630,TKQYFVI5YV1F,1
2020-04-28,fing@inbox.com,30630,GP1UQHU57SDX,1
2020-04-28,fing@inbox.com,30630,PBY02VMANRDL,1
2020-04-28,fing@inbox.com,30630,6BWAHTSYG97K,3
2020-04-28,vo@msn.com,66390,QSGSZ45PEI8U,2
2020-04-28,feift@hotmail.com,24367,YA4U1DHK2CPM,3
2020-04-28,zaist@gmail.com,35724,H4R0X7OLV90D,3
2020-04-28,voe@gmail.com,30085,A81SMYU465LT,2
2020-04-28,voe@gmail.com,30085,DYHTUSZOXRC7,1
2020-04-28,voe@gmail.com,30085,I0RIQN9MWEU5,1
2020-04-28,voe@gmail.com,30085,F9403PUBBUGH,1
2020-04-28,zoz@gmail.com,72038,1SYBQCR1OJV3,1
2020-04-28,kup@yahoo.com,74876,7Z3QKXQETOPB,2
2020-04-28,kup@yahoo.com,74876,JDG4HGE60XRC,2
2020-04-28,kup@yahoo.com,74876,H1632UFAQ936,2
2020-04-29,fruond@msn.com,05996,268JXRMKR0BB,1
2020-04-29,druet@icloud.com,44537,ORKNOXIDVKTP,2
2020-04-29,druet@icloud.com,44537,BBDNGR3V2BT9,1
2020-04-29,leesh@aol.com,78567,4VBYWQOBYNYL,1
2020-04-29,zoa@live.com,11882,BZAT8K2LSW7G,2
2020-04-29,mua@msn.com,48379,XEGB1UATCCGT,2
2020-04-29,strem@aol.com,01979,PTD3OK20W98H,3
2020-04-30,jee@hotmail.com,69064,H3X4WG555OU6,2
2020-04-30,priesk@hotmail.com,14632,I6XQXGAOWNPI,4
2020-04-30,priesk@hotmail.com,14632,TPPC90DNOYVX,1
2020-04-30,priesk@hotmail.com,14632,RKY5AHH6SLUQ,3
2020-04-30,stoi@hotmail.com,34800,3CFF8VT7ERHK,1
2020-04-30,fluv@hotmail.com,92156,PW0O39Z0U0B0,1
2020-04-30,fluv@hotmail.com,92156,S8KZET5PFDHT,1
2020-04-30,fluv@hotmail.com,92156,KPDU7GXKDFDK,1
2020-04-30,fluv@hotmail.com,92156,8HXHOI7N74PL,1
2020-05-01,stoaft@yahoo.com,64251,B094W3YD8N6W,1
2020-05-02,tryft@gmail.com,96375,SUA8IJ5DFCO5,2
2020-05-02,tryft@gmail.com,96375,L2RQOSLCKKQQ,2
2020-05-02,briuw@live.com,18715,XT2ABNOZAGO5,1
2020-05-02,gle@gmail.com,11195,PBOO3PUO1TQY,1
2020-05-02,gle@gmail.com,11195,3LMXPU9MJY63,1
2020-05-02,gle@gmail.com,11195,M60W6D2763G2,1
2020-05-02,blo@aol.com,50980,SITF821V47N1,4
2020-05-02,moek@gmail.com,75583,ENG8YXPX3YPL,1
2020-05-02,moek@gmail.com,75583,5PYYYDBUXPPI,3
2020-05-02,moek@gmail.com,75583,9GJ2J7U5DXXC,2
2020-05-02,weam@gmail.com,88621,XEGB1UATCCGT,1
2020-05-02,weam@gmail.com,88621,SWN6WIK6U9TM,3
2020-05-02,clav@hotmail.com,99185,0TDVJ9SABKH0,1
2020-05-02,clav@hotmail.com,99185,9EB9ET6PI8DP,2
2020-05-03,glia@mail.com,64933,DYV8L73R2VMH,4
2020-05-03,glia@mail.com,64933,2VD2SJ965VUL,3
2020-05-03,glia@mail.com,64933,LYU2YU2ZA1L8,5
2020-05-03,zaay@outlook.com,56564,6X38CA6RXN2W,1
2020-05-03,frip@gmail.com,70346,R1TYTA2F6KJ4,1
2020-05-03,struift@yahoo.com,41977,E79F3076DUWH,1
2020-05-03,froach@aol.com,55684,2F8MWDDQRKG8,1
2020-05-03,froach@aol.com,55684,BBSD4L7MH7KH,4
2020-05-03,pleo@outlook.com,94780,XPQTFXHVM4GX,3
2020-05-03,spia@yahoo.com,32889,BVLLKG9C7PAN,1
2020-05-03,spia@yahoo.com,32889,GB338OPBR4CD,1
2020-05-04,ru@hotmail.com,03375,TFREAYXD4JND,1
2020-05-04,dru@yahoo.com,39073,9EBNFOMSH3T4,2
2020-05-04,wang@outlook.com,46173,UCU9QSSA89IC,2
2020-05-04,wang@outlook.com,46173,F4DW0X6KKQRW,1
2020-05-04,swieft@yahoo.com,92714,HMH62YUWJL2M,1
2020-05-04,swieft@yahoo.com,92714,O7PXXV5S6350,2
2020-05-04,swieft@yahoo.com,92714,TIYC9P9UOPJZ,1
2020-05-04,floi@hotmail.com,31518,XDWAW790P4TH,4
2020-05-04,ri@gmail.com,43859,VRPDEF103DP9,4
2020-05-04,smuo@gmail.com,28690,R6WYJ6YS4DWF,2
2020-05-04,smuo@gmail.com,28690,NJA93VB9977Q,1
2020-05-04,spee@hotmail.com,09714,5FOM27SPD283,1
2020-05-04,fly@yahoo.com,05107,DO1WUKOTMRHU,3
2020-05-04,fly@yahoo.com,05107,UJNBG5E7I3QZ,1
2020-05-04,fly@yahoo.com,05107,14KBHWH8NHJZ,1
2020-05-04,fly@yahoo.com,05107,58BM9Z8Q3PNO,1
2020-05-05,snuesk@outlook.com,06669,649CO92YLW2O,2
2020-05-05,stre@live.com,84205,3L6KPG779CTI,1
2020-05-05,stue@yahoo.com,50426,X90FKIENH8WD,1
2020-05-05,vi@aol.com,05048,Q4G9XX4EESRV,2
2020-05-05,moisk@gmail.com,64713,5M8SDA6PS294,1
2020-05-06,skia@yahoo.com,87662,38S4TICKM2QQ,1
2020-05-06,skia@yahoo.com,87662,CLD0VOS6CQWF,4
2020-05-06,giu@inbox.com,99661,KF6SCBYX0GUG,1
2020-05-06,fraap@yahoo.com,04408,L4XGN45X951T,2
2020-05-06,fraap@yahoo.com,04408,K2TH7PQE2WTC,1
2020-05-06,briss@aol.com,35724,93ZYPJ4RT236,2
2020-05-06,briss@aol.com,35724,NVVEM3EFZQVL,3
2020-05-06,briss@aol.com,35724,KTZA300QOJ1Z,1
2020-05-06,poand@msn.com,67753,MD8YDUBC922A,2
2020-05-06,poand@msn.com,67753,WM34S15UYK6R,2
2020-05-06,dueh@gmail.com,66491,UD5G1JP4E5F6,2
2020-05-07,gleist@gmail.com,49681,W5P92FDYTYZQ,1
2020-05-07,stro@inbox.com,08480,APC00EYBX6UJ,1
2020-05-07,skeut@gmail.com,81414,HVPT1C1QQNYT,2
2020-05-07,se@msn.com,15990,F9EUV3B68SL0,1
2020-05-07,se@msn.com,15990,YWAWG3M2N6H4,2
2020-05-07,buol@yahoo.com,39959,2ZYPMGJV3TPU,2
2020-05-07,buol@yahoo.com,39959,RNX7C59DS2PE,1
2020-05-07,slo@aol.com,05708,FYWK2K71J0SK,3
2020-05-07,slo@aol.com,05708,6Q20JD923Z47,1
2020-05-07,slo@aol.com,05708,AXUFQO8CI4UI,1
2020-05-07,struift@gmail.com,89246,D2DAZBRFVGRC,1
2020-05-07,smio@msn.com,71561,P247DRI46EO9,1
2020-05-08,du@gmail.com,33359,E1LIOK2LXQ17,1
2020-05-08,du@gmail.com,33359,3O9W5ZYKEJ4J,1
2020-05-08,du@gmail.com,33359,LHN1M4OI3XZ3,3
2020-05-08,du@gmail.com,33359,YALF02JVMZ4L,1
2020-05-08,du@gmail.com,33359,2F8BTUTWNTZS,1
2020-05-08,glang@aol.com,42391,EOURJHP2DZEL,2
2020-05-08,gea@aol.com,16562,2C8ZH32CYWEI,1
2020-05-08,gea@aol.com,16562,EULZUPGNP0BL,2
2020-05-08,bui@yahoo.com,32424,B5JX8UYMGSVG,2
2020-05-08,bui@yahoo.com,32424,W8SM0C8R1S7L,2
2020-05-08,bui@yahoo.com,32424,5TZK377SUL9I,1
2020-05-08,preay@icloud.com,07334,199LD07FLDES,1
2020-05-08,preay@icloud.com,07334,0ASZGDPJ8U0A,1
2020-05-08,preay@icloud.com,07334,LANU5KHIRARG,1
2020-05-08,preay@icloud.com,07334,45CPCJQNFK7A,4
2020-05-08,tid@inbox.com,33787,K0Y6L8UD0L9I,1
2020-05-08,tid@inbox.com,33787,AAX34RKXEAB3,1
2020-05-08,tid@inbox.com,33787,X1PVKRNJBGY6,2
2020-05-09,troift@live.com,76059,7PTOV5ONUNAV,1
2020-05-09,troift@live.com,76059,LA8EVP5OCTFJ,3
2020-05-09,yee@icloud.com,38917,FZIB2M4UIEBY,2
2020-05-09,yee@icloud.com,38917,GPFAYLJAAYMP,1
2020-05-09,yee@icloud.com,38917,RCN1R15IRQIR,1
2020-05-09,jess@yahoo.com,85562,2I9DFNJHIVVX,5
2020-05-09,nu@msn.com,66390,W25C84PX673G,1
2020-05-09,nu@msn.com,66390,6KQ8B5TT57PQ,1
2020-05-09,nu@msn.com,66390,FDWT6AQGY6WH,1
2020-05-09,fraut@icloud.com,88894,DI9WSYYSNFBE,3
2020-05-09,chuf@gmail.com,58441,2707BQ7X6EQI,1
2020-05-09,chuf@gmail.com,58441,UFZRKIFATULZ,1
2020-05-09,chuf@gmail.com,58441,I123CZ1C7OHO,1
2020-05-09,chuf@gmail.com,58441,PSN7SV2IGVGG,2
2020-05-10,shoung@yahoo.com,07423,R31N5MR3APYI,1
2020-05-10,blia@hotmail.com,05022,TJ45W7PLXZ6E,2
2020-05-10,bruep@yahoo.com,27751,G1Z3HWJZ33BW,1
2020-05-10,bruep@yahoo.com,27751,NSKNU8REMG2G,3
2020-05-10,hash@yahoo.com,75304,4LQXUB0LNI6B,1
2020-05-10,craez@icloud.com,19872,0OGAL8535PY1,1
2020-05-11,skie@gmail.com,88894,J2BVK3N1IMC6,4
2020-05-11,stoug@outlook.com,54888,VQON4YR4EF67,3
2020-05-11,stoug@outlook.com,54888,U2C81DDQ1ICT,1
2020-05-11,hesh@gmail.com,37199,JY5X5BLLS67F,1
2020-05-11,wae@outlook.com,66815,2S4YBLNUDC5N,1
2020-05-11,wae@outlook.com,66815,9TV5WC437G6J,2
2020-05-11,wae@outlook.com,66815,4N64WG7SMNAB,3
2020-05-11,griuv@gmail.com,23169,MDSAXXVVGOTR,2
2020-05-11,sav@msn.com,07605,ARZAY67VTAZK,4
2020-05-12,wu@inbox.com,75365,4HC03EG7BZ2A,1
2020-05-12,bly@gmail.com,97263,XL679Q5X0BNM,2
2020-05-12,bly@gmail.com,97263,ZG8IW5JP4JCQ,1
2020-05-12,bly@gmail.com,97263,100GRUUB9T74,1
2020-05-12,gleaz@gmail.com,68836,QYIGZL94ELD3,3
2020-05-12,swoe@yahoo.com,24633,PK82TDT34YCG,1
2020-05-13,chich@hotmail.com,97811,1WK1O47A30IU,1
2020-05-13,chich@hotmail.com,97811,4BTEYHC97B8M,1
2020-05-13,cheu@yahoo.com,88304,CCWRQVWYNW6T,1
2020-05-13,striun@live.com,14549,9FJT5V915D6F,1
2020-05-13,dri@yahoo.com,71961,VEF4K80IPJ8L,1
2020-05-13,dri@yahoo.com,71961,PG0FEEN3MTYY,1
2020-05-13,dri@yahoo.com,71961,CR04YXDFB1B8,3
2020-05-13,broak@gmail.com,02405,EBZ8JR56RJD3,1
2020-05-13,chal@yahoo.com,08054,Q07H36OR0OPL,3
2020-05-13,gaa@yahoo.com,92919,CSI5ZH9G1LT6,1
2020-05-13,gaa@yahoo.com,92919,T56UXO9XP9R5,1
2020-05-14,flue@aol.com,47151,Y8XQ6P1MOD21,2
2020-05-14,snoe@yahoo.com,90118,UXIQXAEDIIWH,2
2020-05-14,snoe@yahoo.com,90118,K9CBP34ZQ2HJ,2
2020-05-14,true@gmail.com,87015,OFPGGN5DM4I7,1
2020-05-14,crue@gmail.com,80411,CRQDIYN12FJO,2
2020-05-15,ziu@gmail.com,25812,GI1PC50PCOJD,4
2020-05-15,frie@aol.com,76266,367I2JA8RUM1,1
2020-05-15,frie@aol.com,76266,O0UPB02UCY7A,1
2020-05-15,boe@hotmail.com,21288,GNYEM18299ZC,3
2020-05-15,woct@yahoo.com,23911,WDEDAHY7FGIL,2
2020-05-15,woct@yahoo.com,23911,0RPKV0IEZJ1T,3
2020-05-15,woct@yahoo.com,23911,FK8E3AYWDDP0,1
2020-05-15,woct@yahoo.com,23911,KVPN15T9HC19,1
2020-05-15,goast@gmail.com,49298,U7QNBTP3NSYP,1
2020-05-15,bunk@hotmail.com,75583,21OO2ERNO1IX,3
2020-05-15,sment@icloud.com,80411,KRPX9GZN79HZ,1
2020-05-15,tuig@aol.com,93552,MTRE4J9VKWNK,2
2020-05-15,tuig@aol.com,93552,RY7MBID7M0Q8,2
2020-05-15,staz@aol.com,99126,Z38IWQHTTD9G,1
2020-05-15,staz@aol.com,99126,2D60XKHM4I2S,2
2020-05-15,staz@aol.com,99126,CWTK52P40KCX,1
2020-05-15,staz@aol.com,99126,QMXGKJY4IPBI,2
2020-05-15,staz@aol.com,99126,HB5JQ1Y46ADJ,3
2020-05-15,cra@msn.com,08315,8O4RK0U2JXWI,1
2020-05-15,cra@msn.com,08315,BSV7UWMLF8RN,5
2020-05-16,yi@yahoo.com,34731,UJAMJ1H11REV,2
2020-05-16,yi@yahoo.com,34731,H618VCLQCW0R,3
2020-05-16,juech@aol.com,25885,2XR1HPC7DL97,1
2020-05-16,chou@outlook.com,11964,MKRNWYDTR8OQ,1
2020-05-16,fel@yahoo.com,50426,X2YSSQEJXCMC,1
2020-05-16,fel@yahoo.com,50426,DR1IWX1W3QFV,3
2020-05-16,fel@yahoo.com,50426,MR7LC3Q3AZDA,1
2020-05-16,creog@live.com,61774,9ISYUBFMRQ5G,3
2020-05-17,shoi@msn.com,23583,UT82FVV64YXO,2
2020-05-17,cru@outlook.com,28690,8VRHDJ4WMULA,1
2020-05-17,hue@yahoo.com,03032,WQCZR5XUZ0GO,1
2020-05-17,hue@yahoo.com,03032,0086PASQP2ZB,1
2020-05-17,hue@yahoo.com,03032,CIX5CNRALN6E,3
2020-05-17,hue@yahoo.com,03032,C38K6MJDGJVR,1
2020-05-17,hue@yahoo.com,03032,ELN06QIS0UGL,1
2020-05-18,joach@aol.com,88442,EI0NI7MK4Z0B,1
2020-05-18,joach@aol.com,88442,8QEJKHSDX2HV,1
2020-05-18,joach@aol.com,88442,IOW7LC1R6NAR,1
2020-05-18,haen@gmail.com,88894,N74P7K9KC8GJ,1
2020-05-18,noe@mail.com,83485,Y8ANW7R12Y0O,1
2020-05-18,noe@mail.com,83485,DP9YPJQL86ZL,1
2020-05-18,noe@mail.com,83485,RCRNHG5XBO8P,1
2020-05-18,chust@msn.com,56886,H0P6JETSYSQM,1
2020-05-19,yin@aol.com,32076,8TJT0HU3DFZ8,2
2020-05-19,yin@aol.com,32076,QN2XGGJLJVCG,1
2020-05-19,triu@gmail.com,30745,SDFNYN65LSH6,1
2020-05-19,shoung@yahoo.com,07423,AVYHIARW0Z0N,4
2020-05-19,stryl@msn.com,58441,A0M3IMA8CWGA,1
2020-05-20,buoh@yahoo.com,66864,GDB2YNU3DGYX,1
2020-05-20,reu@aol.com,29614,S7Y0BS85BKJG,3
2020-05-20,reu@aol.com,29614,FUXRIB595TLJ,2
2020-05-20,vui@outlook.com,03615,6ZFXPHDQ7U4S,2
2020-05-20,vui@outlook.com,03615,I11MD2M4K1C8,1
2020-05-20,vui@outlook.com,03615,AQATGTGVLBRU,1
2020-05-20,shu@gmail.com,33078,PZA3F9XY4WMJ,1
2020-05-20,shi@gmail.com,42267,E3KW0LJL9XQU,3
2020-05-20,shi@gmail.com,42267,OZNNL1EJGDDS,3
2020-05-20,swech@icloud.com,99126,GOY5YNYR5UPN,2
2020-05-20,loob@aol.com,04276,FJCNO70E2F51,1
2020-05-20,loob@aol.com,04276,CPWGTRYC0A0E,2
2020-05-20,voant@inbox.com,15101,L1Z1LTD0HHEY,1
2020-05-21,ra@aol.com,87308,K6JF8GSPOCLI,1
2020-05-21,mie@icloud.com,13938,EFWZ4CICYXLI,1
2020-05-21,craond@gmail.com,36480,YVC4Y7XM2447,1
2020-05-21,craond@gmail.com,36480,VIOSRCU3FG7I,2
2020-05-21,glamp@yahoo.com,66184,6KJURLADRPAI,1
2020-05-21,kunk@gmail.com,69577,AUM6ZTKIZWD6,1
2020-05-21,daoct@icloud.com,83522,HVPT1C1QQNYT,1
2020-05-21,daoct@icloud.com,83522,CMMZREGG28YG,2
2020-05-22,ly@yahoo.com,49824,SGJKCQFPVT2M,2
2020-05-22,slin@yahoo.com,73362,8E1DRRQFOKOE,1
2020-05-22,cloip@live.com,11195,JSRLOZQHNG3Q,3
2020-05-22,cloip@live.com,11195,0TNWNLOON1S3,4
2020-05-23,kiu@gmail.com,87517,3EZ9IIYGIDGQ,2
2020-05-23,veo@msn.com,03654,KOIZIS4P5SMA,1
2020-05-23,souy@msn.com,00724,H1UDCTQT0IO9,1
2020-05-23,nu@yahoo.com,41977,LJH4B863U6EK,1
2020-05-23,sny@gmail.com,60118,KJNAPAZDC92E,2
2020-05-24,heach@hotmail.com,68295,HR5X9OORSJMI,3
2020-05-24,glom@outlook.com,18715,U4H0IECC9QNN,3
2020-05-24,glom@outlook.com,18715,TBN2NVQW27RP,2
2020-05-24,hu@gmail.com,87572,0TYK9KDS9YV9,1
2020-05-24,gok@hotmail.com,22771,NFIAHGGDF64I,2
2020-05-24,jae@gmail.com,03932,CDD09R9IJ2NI,1
2020-05-24,spo@outlook.com,11195,6XRK4ZTT0EQN,1
2020-05-24,suf@live.com,87572,SSUCFFQQKNN2,4
2020-05-24,tui@mail.com,62973,I0R8TBTK5LV9,3
2020-05-24,tui@mail.com,62973,G25Q2M3BWWK1,2
2020-05-24,yiemp@yahoo.com,60118,A4DP04WT7RGW,1
2020-05-24,yiemp@yahoo.com,60118,AQ2ZQ5RCOUR7,4
2020-05-24,yiemp@yahoo.com,60118,B2BWGLU68URX,1
2020-05-25,dreand@outlook.com,16909,XXPN2QZ55E0M,1
2020-05-25,dreand@outlook.com,16909,DI9WSYYSNFBE,1
2020-05-25,zyd@yahoo.com,47299,03GGVK1J3294,1
2020-05-25,spiass@gmail.com,14549,69P7T191WSFC,1
2020-05-25,spiass@gmail.com,14549,EJW7GTLRGPV7,1
2020-05-25,spiass@gmail.com,14549,HU9B78B9KFPS,2
2020-05-25,spiass@gmail.com,14549,XLPW85W0RWGB,1
2020-05-26,fua@gmail.com,90779,F4DW0X6KKQRW,2
2020-05-26,clug@msn.com,62973,2M1CJP58G1PX,2
2020-05-26,clug@msn.com,62973,2PB0PLLLXMUH,3
2020-05-26,pug@gmail.com,64002,QUOODKL838RD,3
2020-05-26,foup@yahoo.com,79721,6AOY4UNYDQ5I,1
2020-05-26,cruaf@live.com,29302,N66Y3ZBRD9BY,1
2020-05-26,cruaf@live.com,29302,HAMEXJVSHW8R,3
2020-05-27,laa@hotmail.com,06054,DP7HVXVLH6CG,1
2020-05-27,tu@inbox.com,16178,RTNZGO1W50XR,2
2020-05-27,fe@outlook.com,07423,RSRMG9DOZHIW,1
2020-05-27,fe@outlook.com,07423,SDGHJVF5KLNJ,1
2020-05-27,fe@outlook.com,07423,ATGUL9A61BJ1,1
2020-05-27,fe@outlook.com,07423,KQX9I5JY33WD,1
2020-05-27,vaist@gmail.com,90118,CQGHKXHMWX9V,1
2020-05-27,vaist@gmail.com,90118,DR4KOTT1P6FQ,2
2020-05-27,briut@gmail.com,84798,ZWP6A1M2S634,1
2020-05-27,briut@gmail.com,84798,I6YFUF3KCDUK,2
2020-05-27,briut@gmail.com,84798,NB7ZSYZJRTBI,3
2020-05-27,you@gmail.com,44954,5JHHXFBXL2G5,1
2020-05-27,you@gmail.com,44954,R91PRG0YYK8V,2
2020-05-27,bysp@live.com,59185,PFT0HVWPHZD3,3
2020-05-27,pru@outlook.com,70306,LFZQEV277WLQ,1
2020-05-27,pru@outlook.com,70306,V7LEV1E52M0Q,1
2020-05-27,pru@outlook.com,70306,70K39G1FPVIF,2
2020-05-27,pru@outlook.com,70306,3XMAVSXSI5RU,2
2020-05-27,pru@outlook.com,70306,DB4P5U8DTF9L,5
2020-05-27,pru@outlook.com,70306,LFYA1VKV5QXN,1
2020-05-27,fav@gmail.com,76565,5EKII33JO8K8,3
2020-05-27,fav@gmail.com,76565,VNNBGIVQC29G,1
2020-05-27,cha@icloud.com,36526,5Y7JCTBJGT6I,3
2020-05-28,clei@hotmail.com,45628,IDTLHSBW3AFU,1
2020-05-28,clei@hotmail.com,45628,BQ41TEQJQ5HT,1
2020-05-28,clei@hotmail.com,45628,EQ7ROM8J0H7O,2
2020-05-28,clei@hotmail.com,45628,UB02BIIAC2NA,1
2020-05-28,snot@gmail.com,41396,V7JRGDYPQU6N,1
2020-05-28,snot@gmail.com,41396,BOPSJ7RBAPKD,1
2020-05-28,traast@yahoo.com,70103,DT39S5B7BK2R,2
2020-05-28,cloo@outlook.com,58390,FIVCEXWNXPBZ,4
2020-05-28,cloo@outlook.com,58390,ZOHQMNI95M44,3
2020-05-28,cloo@outlook.com,58390,UMS58JT7SR1K,2
2020-05-28,flaonk@icloud.com,79721,QGEDGKTXQQLW,1
2020-05-29,smy@yahoo.com,13526,68YSGWFCTUMM,1
2020-05-29,plet@yahoo.com,29302,44W4GRLWE5N2,2
2020-05-29,plet@yahoo.com,29302,YLJOTDVFZQXP,1
2020-05-29,gloem@live.com,89246,DOTUZ3HMA2LN,3
2020-05-29,stee@inbox.com,46980,P06HHKEB2H5J,1
2020-05-29,ji@yahoo.com,44373,YPM0EAE95OCC,2
2020-05-29,clow@hotmail.com,69064,HYA3VA0Q418M,1
2020-05-30,plan@hotmail.com,06734,I2LYN4L71FO4,1
2020-05-30,plan@hotmail.com,06734,2ILU9VQ7AETC,2
2020-05-30,plan@hotmail.com,06734,5Y9CK227XGMH,2
2020-05-30,nae@gmail.com,07334,PVPFD8ECWS5N,3
2020-05-30,nae@gmail.com,07334,XXXVKBFAS7WM,1
2020-05-30,nae@gmail.com,07334,41RS9MYF9TDO,1
2020-05-30,grind@outlook.com,66362,VSDAF2R02EVC,1
2020-05-30,grind@outlook.com,66362,3ZXL47CC7V92,1
2020-05-30,weo@aol.com,24841,JQAMHAEG6X8A,1
2020-05-30,weo@aol.com,24841,YD65JD2DS4OG,1
2020-05-30,creb@yahoo.com,12082,V1TDD6RRDI7Q,1
2020-05-31,fact@msn.com,66275,JVLJSQFR5ASP,1
2020-05-31,pa@live.com,62973,4OI2EHJ9AHBG,4
2020-05-31,drao@inbox.com,57346,28KTWGZ2O3TO,1
2020-05-31,fruo@live.com,94634,9I67FYE0KS55,1
2020-05-31,fruo@live.com,94634,9X1NDGI077M5,1
2020-05-31,fruo@live.com,94634,EY0ZKXSD6B65,2
2020-05-31,pet@icloud.com,54387,UP8BHJ8JGNPG,1
2020-05-31,neu@gmail.com,30129,1CTQ9CC5G38M,2
2020-05-31,pla@aol.com,04651,O0HEEPZFOIS2,5
2020-05-31,pla@aol.com,04651,M3N2WX0LTOU1,1
2020-05-31,clo@aol.com,83485,85DPI324NEHC,1
2020-05-31,clo@aol.com,83485,WJMMVFZQDV7X,1
2020-05-31,dy@outlook.com,75365,7BOHWNI2FF5P,1
2020-05-31,gok@aol.com,13727,JSHB7546QPB0,1
2020-05-31,gok@aol.com,13727,BNMZ1UTC32JX,2
2020-06-01,yeog@icloud.com,63420,H609WBPIX2MF,1
2020-06-01,saiz@outlook.com,14783,5V3UOLLTWA6H,2
2020-06-01,fro@hotmail.com,58061,QPHH5J02DXC9,1
2020-06-01,fro@hotmail.com,58061,LBE4YL9Z1MCM,2
2020-06-01,plaa@aol.com,10310,77CCHQNW5WKJ,1
2020-06-01,plaa@aol.com,10310,CNCRNFA96NFY,1
2020-06-01,plaa@aol.com,10310,20FMVE5J1C7D,1
2020-06-02,smoa@outlook.com,03375,HCIDM6RVFHA4,1
2020-06-02,ky@outlook.com,89650,HNXQX9A7APW9,1
2020-06-02,dask@aol.com,87015,SBFZC0BWH95H,2
2020-06-02,lio@gmail.com,89246,0KJJYX7VR5EV,1
2020-06-02,lio@gmail.com,89246,AVCHX8XRWVL4,2
2020-06-02,kuisk@yahoo.com,07258,U5L0ROVI2DG7,4
2020-06-02,skiosk@icloud.com,46351,FI93GPJSE1SU,3
2020-06-02,brusp@yahoo.com,84669,4YU0W3GDZLD2,2
2020-06-03,zua@live.com,35309,6P5SH2D8VBN4,3
2020-06-03,broump@live.com,34800,5KGN4ZPM1LUX,1
2020-06-03,broump@live.com,34800,254JL7CT621H,3
2020-06-03,chuom@msn.com,73189,0DFDNMFRZ28C,1
2020-06-03,chaect@live.com,39073,89SHHCB3JY5J,2
2020-06-04,mauss@msn.com,06125,4AD3KH0D39RT,1
2020-06-04,mauss@msn.com,06125,5O51K8Q3JU24,2
2020-06-04,sweing@hotmail.com,87308,XLMC6YPDZZEC,4
2020-06-04,choa@gmail.com,46720,B9NI5TL25BO7,4
2020-06-04,choa@gmail.com,46720,64GQ6IPKIZK0,1
2020-06-04,ploo@hotmail.com,09714,7ELETIOSFLZL,2
2020-06-04,lish@hotmail.com,53060,XM22JBWF0N88,1
2020-06-04,fri@aol.com,90864,NOL45JUO3H5I,2
2020-06-04,fri@aol.com,90864,U4QWHFPQ06ZC,2
2020-06-05,tuip@hotmail.com,82983,10FWF2LZUOG7,1
2020-06-05,tiot@live.com,71561,Y0ZLLOH4SF9J,1
2020-06-05,tiot@live.com,71561,XQRJ4F8S2956,4
2020-06-05,ploa@msn.com,03375,5DNHDPI66N3X,4
2020-06-05,ploa@msn.com,03375,C6VRME611YZ1,1
2020-06-05,drauw@hotmail.com,34800,9GJ2J7U5DXXC,1
2020-06-05,drauw@hotmail.com,34800,MAY16FRDTYEE,2
2020-06-05,lou@msn.com,44954,I6CPQD9V9PDQ,1
2020-06-05,lou@msn.com,44954,KDETENSZGN15,3
2020-06-06,shei@gmail.com,03932,V36E6SYJIEW5,1
2020-06-06,stoaft@yahoo.com,64251,H258S37IGMCB,1
2020-06-06,stoaft@yahoo.com,64251,HL88QEAK4D3U,4
2020-06-06,stoaft@yahoo.com,64251,H2VPR2LFVFPG,1
2020-06-06,stoaft@yahoo.com,64251,6FWFG5UX76Y4,1
2020-06-06,swie@msn.com,52488,2ZLAJXBEQYGQ,1
2020-06-06,swie@msn.com,52488,W8U1NNRSHZVP,1
2020-06-06,cluosk@aol.com,10155,TSXWJ2VQW8DG,1
2020-06-07,sly@hotmail.com,56213,YYTQGPVIP576,1
2020-06-07,frouv@aol.com,57705,AVB7722UZ77Y,1
2020-06-07,swind@yahoo.com,49298,F2V7Z16MQD3A,1
2020-06-07,fly@yahoo.com,05107,6KX0O0HFD31V,1
2020-06-07,smeich@icloud.com,76565,ET5Y567JWZZI,1
2020-06-08,fru@outlook.com,32796,694DG2XWWTP6,1
2020-06-08,creog@live.com,61774,HH3K9PW162SL,1
2020-06-08,breasp@yahoo.com,22771,ZN795NC5YT9S,1
2020-06-08,breasp@yahoo.com,22771,2YUHR6C9ZPW1,2
2020-06-08,breasp@yahoo.com,22771,J532ZT5INZBW,1
2020-06-09,nua@gmail.com,04221,5JWUJNH40YDO,1
2020-06-09,chy@hotmail.com,37764,E3DQXO28ABQM,1
2020-06-09,ziu@mail.com,83059,6X3QIJZI5GAV,1
2020-06-09,kisp@hotmail.com,18715,GL4GPRQ9EB50,1
2020-06-09,brat@inbox.com,62973,LO5ESI9FZ37Z,2
2020-06-09,sav@msn.com,07605,1QD25I0GDCDA,3
2020-06-09,bloy@aol.com,88382,KGGPZLPQFD3D,1
2020-06-10,chu@gmail.com,36808,7G3EKHJSUM70,1
2020-06-10,swink@yahoo.com,31065,ES5LVL6QXTIJ,3
2020-06-10,floir@msn.com,78918,4CHJLKKTXU0P,2
2020-06-10,floir@msn.com,78918,HZZN33B06M1E,1
2020-06-10,floi@hotmail.com,31518,GJCBHY1X9SOZ,3
2020-06-10,floi@hotmail.com,31518,DRAAZM5OLQOY,4
2020-06-10,floi@hotmail.com,31518,07ZK88ZRVVNE,1
2020-06-10,floi@hotmail.com,31518,WKKH9Q2M4YSA,1
2020-06-10,steo@hotmail.com,69238,QERUJ5YSO4JZ,1
2020-06-10,ni@aol.com,63056,0AAN3DIHCB6T,1
2020-06-10,ni@aol.com,63056,MU4SPSLKUT13,3
2020-06-10,snoil@msn.com,12914,IBW18FN6DMNP,1
2020-06-10,sna@outlook.com,97263,2SLMP1XD3WLN,1
2020-06-10,gect@live.com,27751,JYRXGA7EH8I2,2
2020-06-10,jua@hotmail.com,40861,5EGVUTOFX1GC,4
2020-06-10,jua@hotmail.com,40861,JR4G9OEFKG32,3
2020-06-10,jua@hotmail.com,40861,GCPR1QW0QRAX,1
2020-06-11,lo@live.com,42415,ARZJQQKMMXDU,1
2020-06-11,juad@gmail.com,67880,RF7VYOZNGM15,2
2020-06-11,yoed@yahoo.com,90118,T3OWKJ8M7JRQ,1
2020-06-11,yoed@yahoo.com,90118,U6FZZSZ3LCQA,1
2020-06-11,yoed@yahoo.com,90118,8X22WI9IRDS4,5
2020-06-12,drouz@gmail.com,34575,GDYFTNA5T24U,1
2020-06-12,zeuz@yahoo.com,63820,KE9YIUH6B30B,1
2020-06-12,ty@msn.com,10363,MQXLGK3N3HGZ,1
2020-06-12,ty@msn.com,10363,TKQYFVI5YV1F,2
2020-06-12,spa@icloud.com,32076,JDJEF0GGWE4X,1
2020-06-13,chuom@msn.com,73189,QSJWHRT1Y5DL,1
2020-06-13,slig@icloud.com,15509,GN9LQ7MVPXNQ,3
2020-06-13,slig@icloud.com,15509,9FMXEAHZCHMR,3
2020-06-14,yoosp@outlook.com,80671,1LS1GMRD8F7J,1
2020-06-14,ya@yahoo.com,33937,78773TW0BL0D,2
2020-06-14,ya@yahoo.com,33937,LKFA3OHEXGCC,1
2020-06-14,bli@icloud.com,76266,0KNZYR56XSJ6,1
2020-06-14,froo@live.com,41977,F41C2WWMI3GW,2
2020-06-14,froo@live.com,41977,XKRRWLCXNXYA,1
2020-06-14,froo@live.com,41977,SY00XLMRS6PP,1
2020-06-14,skaiz@yahoo.com,54967,DS6VYZD9XBZD,1
2020-06-14,slonk@inbox.com,80411,4YBTJOM0CWZK,1
2020-06-14,slonk@inbox.com,80411,9QQUXECNNN23,2
2020-06-14,slonk@inbox.com,80411,WIXBN83NMYAY,1
2020-06-15,dreect@yahoo.com,72721,NZ1119RY07PU,1
2020-06-15,dreect@yahoo.com,72721,Z8O1JNJHPD56,1
2020-06-15,dreect@yahoo.com,72721,SQ2ETQCZOT5J,3
2020-06-15,dreect@yahoo.com,72721,32J62JM2DRWH,4
2020-06-15,zau@msn.com,53366,XEE92K877MH2,2
2020-06-15,zau@msn.com,53366,6QH0K0FE97RN,1
2020-06-16,braupt@gmail.com,40966,R725X204KQ4N,1
2020-06-16,yem@aol.com,43669,YZ9SAAPDD1PN,1
2020-06-16,yem@aol.com,43669,UNG0RIT9OH7H,3
2020-06-16,yem@aol.com,43669,VCITRDQ1ERS9,1
2020-06-16,fleiz@icloud.com,44500,BQKGXT7TR568,3
2020-06-16,fleiz@icloud.com,44500,FJC8JIUAMBQX,1
2020-06-16,slain@outlook.com,99310,IREWTSM2KNP0,1
2020-06-16,slain@outlook.com,99310,XGSZN6QY1XIC,1
2020-06-16,gli@gmail.com,60578,YHWJPMCDWZ7T,1
2020-06-16,gre@yahoo.com,21553,L6YQ2F853BCP,1
2020-06-16,smaomp@mail.com,26433,TWLGL4HPKGFU,1
2020-06-16,smaomp@mail.com,26433,77W0D3IUQN52,2
2020-06-16,smaomp@mail.com,26433,ETIOHA2J9YYP,1
2020-06-16,zaow@live.com,10008,42B7K8VCM9A3,2
2020-06-16,zaow@live.com,10008,ZWRH2IJJ44IS,2
2020-06-17,brel@yahoo.com,84070,UZZONWBC48ME,2
2020-06-17,cra@outlook.com,99126,KTXRG6O5NFAJ,2
2020-06-17,shont@gmail.com,83416,AL1EHHPME4DW,1
2020-06-17,shont@gmail.com,83416,Y6G0VKFQE978,1
2020-06-17,bre@aol.com,25812,7Z4HZJVIIKS3,1
2020-06-17,stiy@gmail.com,29315,6C6LX8VSAKSB,1
2020-06-17,shaak@yahoo.com,88153,S8FDANJ9U8MA,2
2020-06-17,draiw@mail.com,10008,OCWFJLATRKJ8,1
2020-06-17,draiw@mail.com,10008,EDDO63BK8IX8,2
2020-06-18,shouf@gmail.com,29078,G1V04M68J9WJ,1
2020-06-18,droand@hotmail.com,66518,VXBP8M7IFHR2,2
2020-06-18,droand@hotmail.com,66518,LIAKR63ATA9L,2
2020-06-18,blid@gmail.com,27856,MBCA3VWMTVJD,2
2020-06-18,goast@gmail.com,49298,I0Y9BRY59E5I,1
2020-06-18,mu@msn.com,70346,UDE9XRYOTFYA,2
2020-06-19,skooct@outlook.com,56028,0D3AGHHYT5PI,1
2020-06-19,hoa@hotmail.com,63820,ZWBI9OEBRQRJ,1
2020-06-19,vool@inbox.com,90864,AWFPVVBAF815,1
2020-06-19,vool@inbox.com,90864,4YXK8BVOT43Y,4
2020-06-19,chuob@outlook.com,03587,4BX0OXX14EBB,4
2020-06-19,chuob@outlook.com,03587,0HCMAPYKNTGN,4
2020-06-19,jup@inbox.com,54339,C7TNNR0EFQ7B,2
2020-06-19,crui@hotmail.com,28808,1GCD6T3QTOS2,1
2020-06-19,crui@hotmail.com,28808,Q33KSYSHRI4G,3
2020-06-19,mo@gmail.com,21964,CQSRQRUVFEDH,1
2020-06-19,mo@gmail.com,21964,VFKAPPJQQE71,2
2020-06-19,woft@gmail.com,66184,9E8J6FJYSM4G,3
2020-06-20,wyst@gmail.com,75365,SR1Z1SGPLJL2,1
2020-06-20,wyst@gmail.com,75365,KK3I17BXIZXU,1
2020-06-20,brae@icloud.com,35724,LQ1WNBPTC40X,1
2020-06-20,brae@icloud.com,35724,UV3N7MM0HL4T,2
2020-06-20,noi@hotmail.com,76976,FZS7DFMN6K4X,2
2020-06-21,swek@gmail.com,72477,UD8C8Z2PETPS,1
2020-06-21,swek@gmail.com,72477,3T1WNQNSO8ER,2
2020-06-21,trok@hotmail.com,03101,CI2LOC7R2S1B,1
2020-06-21,stoss@gmail.com,00237,10LQJ4J6WLAD,1
2020-06-21,blynt@mail.com,82398,583J2C913IZL,1
2020-06-21,smael@hotmail.com,34810,KD4DBRDOV9YS,1
2020-06-21,smael@hotmail.com,34810,FIJOL3B7KLOO,2
2020-06-21,gi@gmail.com,34800,D5EP7IS6F5DL,1
2020-06-21,slun@yahoo.com,88894,KNGPF3PF8EKW,1
2020-06-21,slun@yahoo.com,88894,FZSZDGFOXVQM,1
2020-06-21,kuict@live.com,03375,TUB315MP1G5E,1
2020-06-21,kuict@live.com,03375,HKJRGT5L5O66,1
2020-06-21,kuict@live.com,03375,RX14M6MCG7UH,1
2020-06-22,slo@yahoo.com,02536,Y3J1TG9Z17CQ,1
2020-06-22,sloa@hotmail.com,27626,6IL5KFVH1IMG,1
2020-06-22,swo@outlook.com,41616,3QMLCL5LXNVN,1
2020-06-22,swo@outlook.com,41616,LP1IY71UDW8T,3
2020-06-22,craapt@hotmail.com,44254,R3EPXE3HYS3E,2
2020-06-22,joar@gmail.com,25443,HSZSKHN1LDJT,1
2020-06-23,zeept@gmail.com,25443,NASL0YXE416M,1
2020-06-23,zeept@gmail.com,25443,XZVFPJBZC8MK,2
2020-06-23,zeept@gmail.com,25443,WH5PW44DMXWC,5
2020-06-23,zeept@gmail.com,25443,BYN315NCAHAD,1
2020-06-23,cruss@inbox.com,36370,ADGA79Y129YL,1
2020-06-24,sluonk@gmail.com,76905,FNB3W2VPJY8L,1
2020-06-24,sluonk@gmail.com,76905,IBR9KKP84Z0Q,1
2020-06-24,sow@icloud.com,28808,AERYXV7562RB,1
2020-06-24,sow@icloud.com,28808,5DR2XM4ALN38,2
2020-06-24,sow@icloud.com,28808,R646I2N7PJTL,1
2020-06-24,doel@hotmail.com,79973,ZA8J5LJG91GW,1
2020-06-24,doel@hotmail.com,79973,AH9U2RCPFKF4,1
2020-06-24,doel@hotmail.com,79973,134GL5LOUEFQ,2
2020-06-24,bam@outlook.com,07243,2A312E2MKEDD,1
2020-06-24,zio@msn.com,31978,U6ZWGAOOVIPP,1
2020-06-24,bri@hotmail.com,27468,TSPZD949189K,2
2020-06-24,bri@hotmail.com,27468,BPGBCRKPIDB4,3
2020-06-24,bri@hotmail.com,27468,ZO9U3OIQQG0R,1
2020-06-24,swu@gmail.com,63790,49HJUT9RTVW2,1
2020-06-24,glen@icloud.com,03032,VBJQT37X1W9L,1
2020-06-24,glen@icloud.com,03032,89RQ8CGV0EVZ,1
2020-06-24,voach@hotmail.com,70346,MZHMVATS8EU8,2
2020-06-24,voach@hotmail.com,70346,1B17BP3YP6B8,1
2020-06-24,voach@hotmail.com,70346,MY0BO3HG9CO9,3
2020-06-24,voach@hotmail.com,70346,7F46PP55M6NV,1
2020-06-24,si@hotmail.com,75304,SUCXQDYB9WF6,2
2020-06-25,yyz@yahoo.com,33359,AEMFQKNG4Z5Q,2
2020-06-25,joent@yahoo.com,53018,LC5CBD8SKJUD,1
2020-06-25,joent@yahoo.com,53018,HCP1Z7EJDF5C,1
2020-06-26,spoel@gmail.com,78476,KTUZ8UGQWCQN,1
2020-06-26,spoel@gmail.com,78476,RARU1TMKOFJV,2
2020-06-26,spoel@gmail.com,78476,R8QR12IE7K2U,2
2020-06-26,noing@mail.com,75365,UPXMORAYXDK2,2
2020-06-26,noing@mail.com,75365,ZJYO5XMNKJDA,2
2020-06-26,waaw@yahoo.com,47917,U6XDOJXJQJRY,3
2020-06-26,waaw@yahoo.com,47917,4OYRP7BSL38S,3
2020-06-26,waaw@yahoo.com,47917,RCC27242LRKE,1
2020-06-26,waaw@yahoo.com,47917,8UJZY6OMJ76T,3
2020-06-26,tuew@live.com,02539,RE8GRYIIA4M7,2
2020-06-26,tuew@live.com,02539,BKI3AODOS4OK,1
2020-06-26,tuew@live.com,02539,2TYERSBH7885,4
2020-06-26,tuew@live.com,02539,68M9WKDRHX7G,2
2020-06-26,floipt@hotmail.com,82983,U97KZCH16VMT,1
2020-06-26,dy@yahoo.com,37464,EJ2QWCQ723A0,1
2020-06-26,dy@yahoo.com,37464,9CJEX5VIUBKR,2
2020-06-26,dy@yahoo.com,37464,AQHONJYJLVRK,3
2020-06-26,dy@yahoo.com,37464,QQV04VORTQOV,1
2020-06-26,dy@yahoo.com,37464,05ERTQ76Q568,2
2020-06-26,dy@yahoo.com,37464,A8LTDZOX50D6,3
2020-06-27,fleor@yahoo.com,23147,PJQ0X24MR1XM,5
2020-06-27,tuapt@mail.com,03032,AFUPOZ6JK4AV,2
2020-06-27,huaz@outlook.com,39213,GZYWVTC10BOL,3
2020-06-27,huaz@outlook.com,39213,F5OFQQ22VZE6,2
2020-06-27,peih@gmail.com,42391,IN6XR3MMLRXV,1
2020-06-27,peih@gmail.com,42391,1BRKNEZ1WX85,1
2020-06-27,ha@icloud.com,68005,SV6KZX7NMTLT,2
2020-06-27,noe@yahoo.com,99509,XMH9A4B4ZCHM,2
2020-06-27,skean@gmail.com,03101,LO26MV3IVLZH,1
2020-06-27,skean@gmail.com,03101,ATCJJEK5JOR0,1
2020-06-27,skean@gmail.com,03101,2P2EDTDWTKTC,2
2020-06-27,hoek@gmail.com,76905,X5BBL4ITRQMO,3
2020-06-27,hoek@gmail.com,76905,MVFOA6PUA990,3
2020-06-27,hoek@gmail.com,76905,I7KDE2EG0X3G,3
2020-06-28,too@gmail.com,49298,0NT4XH4EM2KC,1
2020-06-28,froond@hotmail.com,81393,2EQO8XNX31ZB,1
2020-06-28,bor@hotmail.com,85562,SAPH88ZQS825,2
2020-06-28,skouf@aol.com,17365,PTLSLYRSBYPG,2
